StudentID,Name,Age,Gender,Class,Section,Math,English,Science,Computer,Physics,Chemistry,Attendance(%),City,Total_Marks
1001,Usman Yousaf,22,Female,11,B,64,73,81,90,63,78,81,Quetta,449
1002,Maryam Qureshi,20,Male,10,D,96,77,65,76,82,76,76,Lahore,472
1003,Ayesha Malik,16,Female,10,E,51,76,67,45,68,77,79,Hyderabad,384
1004,Bilal Cheema,18,Female,9,B,44,56,40,59,76,41,79,Quetta,316
1005,Ahmed Butt,17,Female,12,C,71,46,47,53,56,87,81,Quetta,360
1006,Hira Yousaf,22,Female,12,F,77,55,47,79,49,68,88,Peshawar,375
1007,Noor Shah,22,Female,9,B,50,59,79,69,55,83,77,Quetta,395
1008,Hassan Qureshi,19,Male,11,B,82,85,79,81,64,96,73,Hyderabad,487
1009,Talha Raza,19,Male,9,D,42,88,78,89,52,72,83,Quetta,421
1010,Iqra Chaudhry,17,Female,10,E,41,67,98,47,78,99,83,Rawalpindi,430
1011,Ahmed Malik,22,Male,9,E,52,100,86,68,56,86,80,Hyderabad,448
1012,Maryam Raza,18,Female,11,A,80,89,50,43,97,51,81,Islamabad,410
1013,Abdullah Mirza,18,Male,9,E,89,79,89,97,58,58,100,Sialkot,470
1014,Fatima Shah,16,Female,9,E,66,95,86,42,57,51,98,Quetta,397
1015,Hira Javed,20,Female,9,C,84,76,94,73,60,46,87,Multan,433
1016,Sana Hassan,19,Female,12,D,60,48,54,64,63,80,73,Faisalabad,369
1017,Sana Malik,20,Female,12,D,48,93,78,83,40,75,86,Sialkot,417
1018,Ayesha Iqbal,18,Female,10,F,51,44,46,78,41,80,90,Faisalabad,340
1019,Ayesha Akram,20,Male,9,B,67,80,40,84,70,75,97,Hyderabad,416
1020,Hamza Aslam,16,Female,11,A,41,76,98,52,90,90,97,Lahore,447
1021,Sana Javed,16,Female,12,F,81,100,81,93,45,60,93,Sialkot,460
1022,Noor Iqbal,22,Female,9,C,40,75,68,45,47,70,76,Sialkot,345
1023,Maryam Raza,17,Male,10,A,45,68,60,67,90,80,83,Sialkot,410
1024,Abdullah Raza,20,Male,11,B,82,77,48,59,46,67,83,Hyderabad,379
1025,Sana Khan,17,Female,11,F,83,54,73,42,57,60,78,Sialkot,369
1026,Ahmed Tariq,17,Female,12,B,66,41,42,68,44,44,83,Peshawar,305
1027,Usman Noor,21,Male,9,F,91,90,99,98,66,92,89,Rawalpindi,536
1028,Anaya Butt,20,Female,9,A,45,55,78,98,44,75,86,Peshawar,395
1029,Amna Javed,18,Male,9,F,93,89,95,69,60,51,90,Multan,457
1030,Saad Siddiqui,19,Male,9,A,72,65,75,63,97,84,98,Peshawar,456
1031,Danish Mirza,19,Female,11,F,85,89,41,44,54,94,71,Quetta,407
1032,Hassan Hassan,17,Male,12,C,70,65,96,81,59,93,72,Hyderabad,464
1033,Ayesha Raza,18,Female,10,F,90,89,41,93,94,78,75,Peshawar,485
1034,Noor Iqbal,21,Male,10,D,76,41,49,45,41,76,70,Karachi,328
1035,Sana Shah,22,Male,11,C,82,55,48,44,81,54,91,Multan,364
1036,Noor Akram,21,Female,10,D,61,57,90,89,56,88,85,Sialkot,441
1037,Noor Qureshi,16,Female,10,A,66,83,68,85,90,42,98,Rawalpindi,434
1038,Maryam Cheema,20,Female,9,D,94,78,71,54,67,49,96,Karachi,413
1039,Hamza Butt,18,Male,10,F,86,82,73,47,54,49,71,Peshawar,391
1040,Hamza Shah,18,Male,12,B,43,77,63,84,55,73,92,Peshawar,395
1041,Fatima Qureshi,19,Male,9,B,40,60,100,80,92,80,89,Quetta,452
1042,Maryam Chaudhry,18,Female,12,A,49,86,84,77,49,96,100,Rawalpindi,441
1043,Danish Shah,20,Female,9,C,49,94,59,50,81,80,94,Rawalpindi,413
1044,Ali Siddiqui,17,Male,10,B,44,69,66,69,81,92,73,Quetta,421
1045,Ayesha Mehmood,19,Female,9,D,85,48,100,90,79,80,78,Karachi,482
1046,Bilal Butt,21,Female,9,E,62,99,82,52,58,73,74,Islamabad,426
1047,Saad Mirza,20,Female,11,C,100,72,88,40,55,68,94,Peshawar,423
1048,Danish Mehmood,18,Male,12,D,68,55,80,61,56,80,95,Peshawar,400
1049,Saad Malik,20,Female,9,A,74,61,66,81,77,93,86,Quetta,452
1050,Saad Mirza,22,Female,9,D,44,84,90,76,91,41,99,Multan,426
1051,Amna Shah,22,Male,10,A,54,67,79,86,47,46,73,Hyderabad,379
1052,Noor Malik,21,Female,9,E,46,89,60,85,56,49,95,Multan,385
1053,Saad Malik,18,Female,11,F,59,86,89,85,50,69,100,Multan,438
1054,Ayesha Yousaf,16,Female,11,F,47,43,77,49,52,70,84,Karachi,338
1055,Anaya Qureshi,16,Male,10,A,65,88,40,45,92,66,96,Faisalabad,396
1056,Hira Aslam,18,Female,10,A,80,79,86,55,71,54,72,Multan,425
1057,Hassan Akram,20,Male,10,B,91,76,73,97,81,87,71,Peshawar,505
1058,Abdullah Iqbal,22,Female,11,B,81,71,54,53,86,44,85,Multan,389
1059,Ali Yousaf,22,Male,9,B,71,88,57,40,79,55,83,Rawalpindi,390
1060,Danish Butt,18,Female,12,B,81,73,92,54,93,81,98,Lahore,474
1061,Talha Siddiqui,22,Male,11,D,71,56,65,97,65,74,71,Rawalpindi,428
1062,Saad Mirza,19,Female,9,B,48,41,70,78,72,62,91,Islamabad,371
1063,Abdullah Hassan,20,Male,11,C,45,61,50,58,67,56,83,Rawalpindi,337
1064,Danish Siddiqui,22,Male,10,D,65,65,69,59,73,64,94,Karachi,395
1065,Amna Chaudhry,19,Female,10,B,99,95,58,40,72,51,91,Rawalpindi,415
1066,Noor Khan,22,Female,11,C,72,92,67,75,70,68,84,Lahore,444
1067,Ahmed Shah,19,Male,9,B,62,47,59,66,55,59,95,Lahore,348
1068,Sana Raza,18,Female,9,E,61,73,94,56,79,45,85,Multan,408
1069,Hamza Butt,22,Male,10,E,53,47,99,100,48,70,76,Faisalabad,417
1070,Hassan Iqbal,17,Male,12,E,42,40,53,44,87,96,83,Islamabad,362
1071,Hamza Shah,20,Female,11,E,98,42,61,61,86,73,93,Islamabad,421
1072,Abdullah Noor,19,Female,12,D,96,49,74,88,100,95,87,Sialkot,502
1073,Anaya Hassan,22,Female,12,B,88,99,72,67,72,40,77,Hyderabad,438
1074,Ahmed Akram,22,Female,12,C,88,46,63,54,82,85,97,Hyderabad,418
1075,Ayesha Chaudhry,16,Female,10,A,54,69,92,64,54,90,88,Hyderabad,423
1076,Ali Mehmood,17,Male,9,E,66,73,83,60,95,48,78,Quetta,425
1077,Amna Mirza,19,Male,9,D,83,64,74,58,53,69,90,Quetta,401
1078,Ahmed Siddiqui,20,Female,10,B,49,52,88,49,59,63,77,Islamabad,360
1079,Fatima Khan,21,Female,9,A,96,72,46,92,72,57,74,Islamabad,435
1080,Noor Aslam,16,Male,9,F,48,69,70,94,72,85,75,Multan,438
1081,Hira Mirza,21,Female,11,B,58,75,73,66,68,54,90,Karachi,394
1082,Sana Aslam,16,Male,10,F,57,52,57,80,67,61,83,Sialkot,374
1083,Noor Shah,22,Male,10,D,100,87,54,65,59,88,82,Quetta,453
1084,Ayesha Cheema,20,Female,10,E,99,60,53,90,56,60,92,Karachi,418
1085,Ayesha Qureshi,19,Male,9,A,82,65,44,88,58,95,99,Hyderabad,432
1086,Amna Akram,21,Male,11,C,63,41,69,66,69,73,99,Quetta,381
1087,Ahmed Yousaf,19,Male,10,E,63,43,95,76,47,42,79,Hyderabad,366
1088,Danish Akram,17,Male,12,B,71,70,83,79,93,82,78,Lahore,478
1089,Ali Raza,19,Female,11,D,85,69,45,59,95,59,81,Rawalpindi,412
1090,Bilal Cheema,20,Female,10,E,45,60,42,45,74,95,71,Multan,361
1091,Hassan Ahmed,19,Female,10,C,49,95,85,90,71,40,80,Hyderabad,430
1092,Ali Mehmood,17,Female,9,E,83,40,93,56,83,41,74,Karachi,396
1093,Ali Iqbal,22,Male,11,B,74,40,100,69,93,50,78,Faisalabad,426
1094,Hira Cheema,19,Male,11,F,70,86,68,90,78,66,86,Faisalabad,458
1095,Abdullah Mirza,16,Female,11,D,92,75,74,67,51,74,76,Lahore,433
1096,Hira Ahmed,16,Female,10,B,54,89,86,70,67,59,97,Rawalpindi,425
1097,Amna Malik,20,Female,12,D,53,82,54,96,85,74,99,Quetta,444
1098,Zainab Ahmed,20,Female,12,C,79,85,72,57,82,100,83,Rawalpindi,475
1099,Fatima Siddiqui,18,Female,10,C,92,42,78,74,49,98,96,Lahore,433
1100,Saad Akram,21,Male,9,A,59,53,78,46,68,59,86,Rawalpindi,363
1101,Hamza Ahmed,16,Female,9,D,63,59,42,82,44,53,95,Hyderabad,343
1102,Iqra Akram,16,Female,11,B,76,88,68,70,43,97,78,Lahore,442
1103,Abdullah Hassan,18,Female,11,B,95,91,84,48,57,87,99,Lahore,462
1104,Hamza Shah,16,Male,12,F,43,60,61,58,98,90,77,Lahore,410
1105,Amna Ahmed,22,Female,11,D,98,93,60,72,87,64,77,Faisalabad,474
1106,Fatima Siddiqui,21,Male,10,C,72,88,81,71,74,94,75,Hyderabad,480
1107,Noor Butt,21,Female,9,F,90,73,74,42,62,100,99,Hyderabad,441
1108,Amna Noor,17,Male,11,A,60,44,77,65,71,77,88,Lahore,394
1109,Danish Cheema,19,Female,10,C,54,68,87,86,90,95,91,Quetta,480
1110,Amna Butt,21,Male,11,A,98,54,68,57,94,87,90,Hyderabad,458
1111,Zainab Cheema,19,Male,11,B,69,53,82,68,76,93,86,Islamabad,441
1112,Zainab Qureshi,16,Female,9,F,75,61,73,77,42,47,81,Lahore,375
1113,Ali Khan,22,Female,9,C,65,73,91,77,65,72,82,Lahore,443
1114,Zainab Aslam,16,Female,11,A,72,72,74,83,41,81,81,Karachi,423
1115,Fatima Qureshi,19,Male,9,B,87,57,61,59,97,40,80,Hyderabad,401
1116,Ahmed Mirza,22,Female,12,F,74,89,40,77,56,100,99,Rawalpindi,436
1117,Ali Javed,21,Female,9,F,43,71,69,93,79,80,83,Lahore,435
1118,Ayesha Ahmed,17,Female,12,D,58,78,87,45,43,86,88,Quetta,397
1119,Fatima Mirza,17,Female,11,B,96,45,51,61,83,77,77,Lahore,413
1120,Fatima Butt,21,Female,9,D,92,52,61,54,42,75,99,Quetta,376
1121,Sana Butt,22,Male,11,E,44,52,52,58,62,87,77,Hyderabad,355
1122,Hamza Mirza,19,Female,10,E,42,91,68,70,97,90,96,Faisalabad,458
1123,Ayesha Khan,17,Male,9,A,92,90,72,93,100,87,77,Peshawar,534
1124,Noor Yousaf,18,Female,12,F,78,90,94,74,76,49,86,Peshawar,461
1125,Ayesha Butt,19,Male,10,B,60,95,80,93,56,82,78,Quetta,466
1126,Fatima Cheema,21,Female,10,F,87,81,84,82,57,62,80,Multan,453
1127,Fatima Qureshi,17,Female,10,F,98,54,73,63,94,60,76,Hyderabad,442
1128,Danish Iqbal,18,Male,10,F,70,60,61,94,45,63,73,Quetta,393
1129,Hamza Akram,16,Male,9,B,57,86,66,86,50,68,90,Quetta,413
1130,Iqra Chaudhry,18,Male,10,E,92,55,63,85,48,53,88,Islamabad,396
1131,Iqra Yousaf,20,Male,12,D,65,66,63,56,48,88,91,Quetta,386
1132,Hamza Chaudhry,19,Female,10,E,76,97,48,44,67,90,70,Rawalpindi,422
1133,Danish Shah,22,Female,10,B,42,62,65,55,97,50,78,Karachi,371
1134,Fatima Mehmood,21,Female,12,E,70,60,43,93,48,81,73,Karachi,395
1135,Iqra Hassan,21,Female,11,E,77,66,75,80,71,54,83,Faisalabad,423
1136,Abdullah Ahmed,19,Female,12,F,57,99,84,75,77,83,71,Rawalpindi,475
1137,Danish Akram,17,Female,12,E,71,44,68,69,41,67,75,Rawalpindi,360
1138,Amna Hassan,22,Female,11,F,51,62,59,65,68,90,84,Rawalpindi,395
1139,Anaya Raza,21,Male,10,B,58,89,70,72,79,84,84,Lahore,452
1140,Iqra Mehmood,17,Male,11,A,78,93,90,40,48,56,92,Rawalpindi,405
1141,Ahmed Tariq,22,Female,12,D,60,64,88,58,74,94,82,Rawalpindi,438
1142,Talha Malik,18,Male,11,A,84,41,99,93,97,71,79,Sialkot,485
1143,Ayesha Tariq,16,Female,9,E,42,59,48,77,86,98,82,Karachi,410
1144,Saad Raza,19,Female,9,B,93,60,48,41,84,86,97,Karachi,412
1145,Ayesha Javed,20,Female,12,C,86,75,63,90,73,50,74,Multan,437
1146,Ahmed Chaudhry,18,Female,12,B,91,48,46,82,91,82,76,Islamabad,440
1147,Sana Tariq,20,Female,11,F,69,51,49,41,93,83,87,Multan,386
1148,Zainab Tariq,18,Female,9,F,93,67,89,61,40,65,81,Sialkot,415
1149,Maryam Mirza,16,Male,10,F,100,50,52,71,87,44,80,Lahore,404
1150,Hamza Cheema,20,Female,11,F,100,66,64,76,68,63,91,Quetta,437
1151,Sana Shah,19,Female,11,D,75,87,91,56,55,100,93,Islamabad,464
1152,Usman Shah,18,Female,11,D,57,82,53,47,68,42,91,Multan,349
1153,Hira Chaudhry,19,Female,10,B,62,54,85,58,78,56,91,Lahore,393
1154,Ahmed Shah,16,Male,12,A,48,59,46,52,59,79,88,Quetta,343
1155,Sana Aslam,20,Male,10,A,47,61,65,78,86,79,90,Peshawar,416
1156,Saad Mirza,20,Female,11,E,68,85,91,59,75,98,91,Multan,476
1157,Hira Shah,22,Female,12,D,65,91,75,83,44,75,81,Lahore,433
1158,Amna Qureshi,18,Female,10,F,55,86,84,86,92,69,92,Karachi,472
1159,Abdullah Mehmood,18,Male,11,D,94,82,63,60,47,99,81,Rawalpindi,445
1160,Ayesha Mehmood,21,Male,12,C,88,69,96,74,79,96,72,Karachi,502
1161,Usman Aslam,21,Female,9,D,57,44,90,41,64,41,76,Karachi,337
1162,Maryam Shah,19,Male,11,D,43,45,54,74,47,71,87,Lahore,334
1163,Saad Shah,20,Male,11,D,73,42,84,84,57,79,91,Sialkot,419
1164,Ahmed Mirza,16,Female,10,E,70,95,71,74,97,51,76,Karachi,458
1165,Ayesha Butt,17,Female,12,A,75,86,51,98,75,45,92,Faisalabad,430
1166,Talha Butt,21,Male,12,E,82,98,46,78,90,78,71,Peshawar,472
1167,Ali Qureshi,19,Male,11,B,85,67,61,89,83,93,83,Peshawar,478
1168,Maryam Noor,17,Male,9,A,92,72,92,76,43,57,91,Hyderabad,432
1169,Ayesha Akram,18,Female,11,A,55,98,40,59,99,97,89,Hyderabad,448
1170,Ali Noor,22,Female,11,A,88,48,87,88,48,41,70,Multan,400
1171,Iqra Hassan,18,Male,10,D,70,88,55,59,59,88,75,Quetta,419
1172,Saad Yousaf,19,Male,11,F,43,89,80,76,92,99,82,Hyderabad,479
1173,Maryam Malik,22,Female,11,C,98,55,82,84,53,61,76,Rawalpindi,433
1174,Abdullah Noor,16,Male,12,B,92,46,87,90,85,88,89,Lahore,488
1175,Usman Hassan,20,Male,12,F,96,79,49,55,82,77,85,Peshawar,438
1176,Hamza Aslam,22,Male,10,E,63,52,72,54,81,87,76,Quetta,409
1177,Ali Mehmood,19,Male,10,A,76,70,89,55,71,62,86,Peshawar,423
1178,Noor Aslam,18,Male,11,B,89,80,90,62,41,44,90,Hyderabad,406
1179,Maryam Ahmed,22,Female,10,A,90,86,58,71,51,55,98,Multan,411
1180,Ayesha Yousaf,22,Female,9,E,60,95,87,86,65,52,99,Faisalabad,445
1181,Hamza Raza,16,Male,10,E,58,41,41,57,46,83,93,Faisalabad,326
1182,Amna Javed,18,Male,11,F,92,67,62,94,65,48,88,Hyderabad,428
1183,Sana Javed,20,Female,11,F,47,96,42,70,64,76,98,Sialkot,395
1184,Sana Javed,19,Female,9,E,62,46,55,42,52,97,82,Rawalpindi,354
1185,Ayesha Butt,21,Female,11,D,66,49,46,48,83,65,80,Rawalpindi,357
1186,Maryam Mehmood,16,Male,12,A,89,83,76,78,59,73,91,Faisalabad,458
1187,Saad Ahmed,20,Male,11,E,60,43,45,40,45,89,78,Rawalpindi,322
1188,Bilal Noor,20,Female,12,E,58,98,44,97,55,96,74,Quetta,448
1189,Noor Raza,17,Female,9,E,41,75,100,94,58,86,84,Faisalabad,454
1190,Anaya Butt,22,Male,12,F,89,97,44,44,99,84,98,Islamabad,457
1191,Hamza Aslam,22,Male,12,B,54,78,78,74,65,60,99,Multan,409
1192,Ahmed Hassan,17,Female,10,F,74,50,45,58,78,54,87,Lahore,359
1193,Saad Ahmed,22,Male,12,A,75,85,90,83,99,51,81,Rawalpindi,483
1194,Ali Raza,17,Female,9,E,87,70,68,66,84,65,78,Faisalabad,440
1195,Hamza Javed,16,Male,11,E,58,53,92,98,59,64,96,Rawalpindi,424
1196,Hira Qureshi,19,Female,10,A,46,66,65,74,54,49,83,Lahore,354
1197,Danish Cheema,17,Male,10,E,81,60,60,68,100,66,83,Rawalpindi,435
1198,Hamza Mirza,16,Male,10,C,88,58,47,99,78,69,93,Rawalpindi,439
1199,Hamza Tariq,18,Male,10,A,72,63,92,53,58,55,99,Peshawar,393
1200,Maryam Noor,19,Male,11,C,96,88,58,99,56,87,78,Peshawar,484
1201,Sana Aslam,19,Male,11,E,74,51,75,51,45,72,75,Rawalpindi,368
1202,Noor Shah,17,Male,9,E,64,82,83,58,50,48,95,Lahore,385
1203,Abdullah Shah,16,Female,12,D,43,75,59,57,75,78,87,Peshawar,387
1204,Talha Yousaf,19,Female,10,C,73,46,54,68,75,58,87,Sialkot,374
1205,Hassan Mirza,18,Male,11,B,48,64,93,50,40,83,99,Lahore,378
1206,Sana Javed,18,Female,9,A,49,59,45,78,73,43,71,Multan,347
1207,Noor Khan,21,Female,10,D,69,96,95,58,41,54,95,Islamabad,413
1208,Saad Siddiqui,16,Male,11,E,87,72,64,44,60,93,90,Karachi,420
1209,Bilal Noor,20,Female,12,F,73,97,57,86,42,65,86,Peshawar,420
1210,Ayesha Akram,18,Female,10,D,56,41,46,63,56,42,80,Lahore,304
1211,Talha Qureshi,17,Male,10,B,70,78,85,48,77,69,86,Peshawar,427
1212,Sana Javed,16,Male,9,B,93,64,43,61,56,93,70,Rawalpindi,410
1213,Hamza Tariq,19,Male,10,F,95,47,68,49,45,93,79,Multan,397
1214,Noor Malik,22,Male,11,B,54,42,55,67,62,40,86,Rawalpindi,320
1215,Hassan Chaudhry,18,Male,10,A,63,94,73,72,69,95,86,Hyderabad,466
1216,Anaya Qureshi,21,Female,11,A,47,97,64,53,54,100,88,Hyderabad,415
1217,Hassan Javed,18,Female,11,F,64,73,69,83,53,51,86,Multan,393
1218,Bilal Cheema,20,Male,11,E,93,61,53,94,86,95,94,Multan,482
1219,Talha Qureshi,21,Female,9,A,49,90,55,90,94,86,71,Karachi,464
1220,Iqra Raza,22,Male,9,F,43,71,41,62,93,90,77,Sialkot,400
1221,Hira Yousaf,19,Male,11,D,67,48,60,62,61,79,77,Islamabad,377
1222,Usman Malik,16,Female,9,D,88,73,95,51,97,74,87,Sialkot,478
1223,Amna Siddiqui,21,Male,9,C,75,69,41,57,75,54,85,Rawalpindi,371
1224,Maryam Khan,18,Male,10,F,71,90,98,88,63,100,88,Peshawar,510
1225,Bilal Siddiqui,19,Male,10,D,79,74,99,56,44,85,97,Lahore,437
1226,Abdullah Cheema,17,Female,10,A,100,57,41,67,82,73,99,Hyderabad,420
1227,Danish Ahmed,19,Female,10,C,42,54,54,62,70,54,93,Quetta,336
1228,Hira Ahmed,19,Female,12,D,43,72,48,98,51,47,76,Lahore,359
1229,Danish Malik,18,Male,11,F,91,80,86,95,63,52,78,Multan,467
1230,Iqra Butt,19,Male,11,C,48,46,58,100,77,95,75,Rawalpindi,424
1231,Ayesha Mirza,22,Male,9,C,82,97,43,70,82,60,98,Rawalpindi,434
1232,Saad Mehmood,21,Male,11,F,72,88,40,60,93,68,89,Quetta,421
1233,Noor Chaudhry,20,Female,10,E,51,61,96,73,63,87,92,Peshawar,431
1234,Bilal Yousaf,20,Male,11,F,73,96,50,63,77,86,81,Quetta,445
1235,Usman Siddiqui,19,Male,9,D,64,41,81,59,53,74,85,Karachi,372
1236,Iqra Noor,22,Female,12,E,66,55,80,88,47,92,92,Sialkot,428
1237,Danish Ahmed,17,Female,11,C,53,60,51,46,98,86,93,Multan,394
1238,Usman Siddiqui,16,Male,12,C,69,55,88,72,70,94,100,Quetta,448
1239,Noor Noor,22,Female,11,F,68,95,81,100,98,43,98,Rawalpindi,485
1240,Usman Javed,22,Female,11,B,98,100,77,69,60,80,71,Sialkot,484
1241,Maryam Butt,22,Male,10,F,80,46,48,86,93,48,79,Islamabad,401
1242,Anaya Butt,22,Male,11,F,97,53,54,68,60,59,74,Peshawar,391
1243,Iqra Javed,16,Female,11,B,62,46,52,81,73,63,86,Faisalabad,377
1244,Ayesha Ahmed,20,Female,11,F,51,77,90,79,76,70,79,Karachi,443
1245,Zainab Siddiqui,16,Female,10,B,86,77,76,77,94,69,99,Peshawar,479
1246,Abdullah Shah,20,Female,10,E,66,81,61,83,87,66,79,Rawalpindi,444
1247,Sana Malik,16,Male,11,A,63,82,100,86,66,48,92,Sialkot,445
1248,Iqra Cheema,22,Male,12,E,52,99,77,69,48,45,77,Lahore,390
1249,Amna Ahmed,17,Male,9,B,61,40,80,86,99,70,98,Quetta,436
1250,Ahmed Hassan,17,Male,12,D,87,48,54,56,96,58,96,Rawalpindi,399
1251,Hira Siddiqui,20,Female,9,E,88,100,60,49,76,75,73,Faisalabad,448
1252,Fatima Malik,18,Male,11,F,87,55,92,94,41,82,87,Islamabad,451
1253,Noor Ahmed,22,Male,10,D,81,66,53,97,65,74,91,Karachi,436
1254,Hamza Chaudhry,20,Male,10,B,67,41,68,76,77,86,87,Quetta,415
1255,Zainab Mirza,19,Male,9,C,51,43,65,82,66,66,99,Multan,373
1256,Ali Cheema,21,Male,11,B,51,92,98,64,51,94,92,Rawalpindi,450
1257,Zainab Khan,22,Male,12,A,58,95,65,81,73,57,72,Multan,429
1258,Ayesha Hassan,21,Female,12,D,56,70,79,85,67,68,90,Sialkot,425
1259,Hamza Chaudhry,21,Male,10,C,89,95,67,100,44,52,73,Faisalabad,447
1260,Saad Yousaf,17,Male,11,A,45,45,70,100,95,67,92,Hyderabad,422
1261,Fatima Akram,19,Male,11,D,88,42,77,56,51,100,72,Islamabad,414
1262,Hassan Butt,22,Female,9,F,65,72,75,41,99,75,88,Quetta,427
1263,Hassan Khan,18,Male,12,D,41,45,77,52,67,51,96,Multan,333
1264,Amna Khan,21,Female,11,F,45,92,82,73,72,84,70,Lahore,448
1265,Danish Noor,16,Female,10,F,96,69,76,83,47,88,86,Lahore,459
1266,Ali Mirza,21,Male,9,A,93,89,47,72,85,69,82,Karachi,455
1267,Bilal Cheema,16,Female,11,B,89,67,68,86,82,83,96,Hyderabad,475
1268,Amna Tariq,17,Female,9,C,70,59,86,72,76,56,70,Karachi,419
1269,Abdullah Qureshi,22,Female,9,F,54,96,83,54,59,44,97,Islamabad,390
1270,Hamza Cheema,18,Female,11,C,63,99,90,80,57,95,90,Islamabad,484
1271,Hamza Khan,20,Male,11,A,56,59,43,86,89,50,89,Islamabad,383
1272,Hira Noor,16,Female,9,E,94,42,95,46,40,54,99,Islamabad,371
1273,Saad Siddiqui,22,Male,10,B,85,43,86,89,90,72,77,Islamabad,465
1274,Sana Javed,17,Female,10,C,70,66,46,57,99,77,92,Sialkot,415
1275,Maryam Yousaf,19,Female,11,B,59,83,49,90,71,72,91,Hyderabad,424
1276,Hamza Akram,17,Male,9,B,80,82,62,56,43,48,91,Rawalpindi,371
1277,Amna Aslam,20,Female,10,B,67,52,66,64,53,50,90,Faisalabad,352
1278,Ali Butt,19,Female,9,F,99,60,96,65,67,73,80,Sialkot,460
1279,Ahmed Mirza,21,Male,12,B,74,71,53,52,53,68,71,Peshawar,371
1280,Hassan Mehmood,16,Male,10,F,62,96,76,47,83,47,89,Peshawar,411
1281,Saad Javed,18,Female,9,B,87,97,55,42,53,72,94,Sialkot,406
1282,Bilal Yousaf,18,Female,11,A,40,50,92,94,62,57,76,Karachi,395
1283,Saad Siddiqui,21,Male,11,A,52,63,62,53,94,50,75,Rawalpindi,374
1284,Amna Akram,16,Female,10,A,48,89,51,85,94,67,76,Islamabad,434
1285,Danish Chaudhry,20,Male,12,F,79,63,78,61,77,79,91,Rawalpindi,437
1286,Hamza Yousaf,17,Female,11,B,99,64,82,88,80,81,99,Hyderabad,494
1287,Abdullah Yousaf,19,Female,10,E,40,98,53,77,57,89,95,Faisalabad,414
1288,Hira Siddiqui,22,Female,11,E,54,68,54,96,72,48,91,Peshawar,392
1289,Usman Javed,16,Male,9,E,66,93,95,96,84,92,77,Quetta,526
1290,Saad Shah,18,Female,10,B,93,71,42,89,89,46,72,Lahore,430
1291,Amna Tariq,16,Female,11,A,50,93,79,41,96,66,89,Islamabad,425
1292,Hamza Shah,20,Female,11,B,47,69,57,49,41,72,84,Rawalpindi,335
1293,Bilal Ahmed,17,Female,10,A,65,42,94,94,57,52,85,Hyderabad,404
1294,Talha Iqbal,21,Female,12,A,56,89,91,47,66,98,78,Faisalabad,447
1295,Ali Cheema,16,Male,12,C,83,40,52,79,87,45,76,Peshawar,386
1296,Hira Ahmed,20,Male,9,D,70,93,83,46,93,88,74,Quetta,473
1297,Maryam Malik,16,Female,11,D,94,84,53,91,42,67,80,Lahore,431
1298,Anaya Iqbal,18,Male,12,E,48,42,87,54,90,61,96,Sialkot,382
1299,Bilal Chaudhry,18,Male,12,F,60,76,80,83,97,43,74,Lahore,439
1300,Abdullah Siddiqui,19,Male,9,C,86,77,59,83,99,78,70,Faisalabad,482
1301,Talha Mehmood,16,Male,10,D,91,57,94,92,61,78,81,Faisalabad,473
1302,Danish Aslam,17,Male,9,F,64,91,40,98,70,48,94,Karachi,411
1303,Bilal Iqbal,16,Male,11,E,42,97,49,85,68,97,74,Quetta,438
1304,Hira Ahmed,22,Male,10,C,68,44,80,49,42,52,97,Quetta,335
1305,Anaya Qureshi,19,Female,12,D,55,50,91,51,51,93,84,Karachi,391
1306,Ayesha Cheema,22,Female,10,C,98,70,86,81,68,57,82,Islamabad,460
1307,Abdullah Yousaf,17,Female,11,E,98,87,87,96,93,93,80,Karachi,554
1308,Maryam Mirza,20,Male,9,F,54,42,73,97,63,57,92,Hyderabad,386
1309,Amna Yousaf,18,Female,11,B,84,98,54,61,100,57,70,Rawalpindi,454
1310,Iqra Hassan,21,Male,9,A,54,85,41,74,95,87,89,Lahore,436
1311,Ahmed Akram,17,Female,11,E,47,80,84,41,62,54,71,Karachi,368
1312,Danish Noor,20,Female,11,E,52,42,89,52,86,40,70,Multan,361
1313,Usman Chaudhry,22,Male,9,B,70,50,93,65,86,67,87,Islamabad,431
1314,Ayesha Ahmed,22,Female,12,F,53,42,84,75,76,61,80,Hyderabad,391
1315,Sana Khan,18,Male,11,A,88,84,63,81,58,56,82,Sialkot,430
1316,Usman Ahmed,16,Female,9,B,47,55,62,41,88,96,99,Rawalpindi,389
1317,Hamza Khan,22,Male,9,C,80,65,41,46,73,47,84,Quetta,352
1318,Fatima Iqbal,17,Male,12,F,72,55,79,43,90,100,80,Quetta,439
1319,Abdullah Chaudhry,20,Female,9,A,98,57,76,83,83,72,82,Hyderabad,469
1320,Sana Tariq,21,Female,11,D,81,69,76,49,41,95,85,Faisalabad,411
1321,Danish Tariq,18,Female,9,E,77,66,95,42,92,84,78,Quetta,456
1322,Saad Mehmood,20,Male,11,A,69,87,69,58,44,68,90,Islamabad,395
1323,Fatima Raza,20,Male,12,D,71,58,74,42,92,99,70,Karachi,436
1324,Saad Mirza,18,Male,10,F,66,99,54,91,58,88,76,Lahore,456
1325,Hamza Noor,17,Female,11,F,46,42,75,44,61,55,73,Hyderabad,323
1326,Anaya Butt,16,Male,12,F,44,83,100,53,54,46,95,Peshawar,380
1327,Anaya Iqbal,19,Female,9,A,60,54,43,68,72,83,93,Rawalpindi,380
1328,Hassan Siddiqui,17,Female,12,E,83,42,75,94,91,92,100,Lahore,477
1329,Usman Mirza,19,Male,9,D,76,57,89,66,55,40,92,Islamabad,383
1330,Noor Cheema,22,Male,9,D,96,44,62,54,100,98,76,Faisalabad,454
1331,Noor Javed,21,Female,9,E,74,100,59,56,40,55,93,Karachi,384
1332,Ayesha Aslam,18,Male,9,C,96,66,53,43,47,80,84,Sialkot,385
1333,Usman Qureshi,22,Male,9,E,56,56,68,42,88,52,74,Faisalabad,362
1334,Zainab Siddiqui,20,Female,12,E,95,50,44,53,99,53,77,Rawalpindi,394
1335,Ali Qureshi,16,Male,11,C,81,73,98,91,94,94,79,Rawalpindi,531
1336,Hamza Ahmed,19,Female,12,C,95,80,58,47,89,74,80,Hyderabad,443
1337,Talha Shah,21,Female,10,C,93,84,44,71,85,57,74,Lahore,434
1338,Sana Mirza,20,Male,9,A,74,97,97,50,74,91,88,Faisalabad,483
1339,Amna Malik,21,Male,9,B,76,93,99,87,93,85,77,Karachi,533
1340,Danish Aslam,19,Male,9,F,73,62,69,77,89,94,79,Faisalabad,464
1341,Amna Yousaf,20,Male,11,B,96,72,97,99,84,92,96,Multan,540
1342,Abdullah Aslam,20,Female,10,F,86,99,53,42,85,87,72,Sialkot,452
1343,Ayesha Ahmed,18,Female,10,F,59,67,88,72,43,46,93,Lahore,375
1344,Abdullah Mirza,18,Male,10,D,100,86,95,44,76,41,73,Lahore,442
1345,Bilal Malik,18,Female,11,E,74,66,46,65,72,83,95,Sialkot,406
1346,Abdullah Ahmed,19,Male,10,B,77,45,59,64,55,95,92,Rawalpindi,395
1347,Abdullah Raza,21,Female,10,A,86,60,51,90,87,80,95,Hyderabad,454
1348,Bilal Iqbal,16,Female,9,C,95,88,71,66,63,94,88,Lahore,477
1349,Talha Iqbal,18,Male,10,A,94,79,73,72,95,77,71,Sialkot,490
1350,Bilal Iqbal,16,Female,12,E,89,94,54,67,67,45,77,Hyderabad,416
1351,Danish Yousaf,21,Male,10,B,47,87,45,51,96,73,91,Lahore,399
1352,Hassan Akram,16,Male,12,C,58,42,66,96,92,70,85,Hyderabad,424
1353,Bilal Noor,17,Male,12,F,81,87,80,98,68,65,98,Rawalpindi,479
1354,Ayesha Ahmed,20,Female,9,B,87,82,66,84,57,52,78,Sialkot,428
1355,Hamza Malik,18,Male,9,E,41,96,61,95,52,78,92,Quetta,423
1356,Saad Siddiqui,19,Female,12,C,82,71,88,47,61,61,78,Quetta,410
1357,Ali Siddiqui,19,Female,10,B,65,79,98,42,87,69,74,Quetta,440
1358,Noor Khan,22,Female,9,F,86,100,83,77,45,87,88,Sialkot,478
1359,Bilal Yousaf,21,Female,11,C,95,78,75,65,84,86,82,Multan,483
1360,Saad Noor,20,Female,10,C,77,77,54,63,67,66,92,Quetta,404
1361,Noor Qureshi,19,Female,12,A,61,42,67,41,51,51,81,Peshawar,313
1362,Iqra Khan,17,Female,12,A,98,79,100,82,100,50,77,Quetta,509
1363,Amna Mirza,21,Female,12,D,83,71,98,97,55,88,77,Lahore,492
1364,Abdullah Akram,22,Female,9,B,44,99,62,41,86,92,86,Islamabad,424
1365,Hamza Akram,22,Male,12,E,40,41,43,80,55,66,93,Peshawar,325
1366,Bilal Javed,19,Male,10,A,54,64,59,54,57,67,96,Quetta,355
1367,Anaya Ahmed,20,Male,12,A,96,96,41,85,58,88,100,Peshawar,464
1368,Amna Yousaf,21,Male,12,F,44,100,56,94,63,89,95,Rawalpindi,446
1369,Fatima Raza,20,Female,12,C,57,69,86,68,95,49,83,Lahore,424
1370,Noor Malik,19,Male,9,A,92,93,50,100,55,82,79,Rawalpindi,472
1371,Hassan Akram,22,Male,12,A,80,54,61,60,86,98,71,Islamabad,439
1372,Anaya Javed,21,Female,10,A,52,49,53,85,56,77,85,Karachi,372
1373,Amna Khan,21,Female,11,C,89,77,55,89,96,54,96,Peshawar,460
1374,Hamza Aslam,18,Female,12,E,46,95,84,86,90,74,86,Faisalabad,475
1375,Iqra Aslam,19,Female,9,F,66,99,67,81,82,40,81,Rawalpindi,435
1376,Ahmed Mehmood,21,Female,9,C,89,44,82,47,97,72,72,Multan,431
1377,Iqra Shah,22,Male,11,E,44,64,43,59,44,83,100,Islamabad,337
1378,Amna Yousaf,21,Male,9,F,68,52,46,78,82,81,99,Multan,407
1379,Zainab Ahmed,19,Female,10,D,93,98,93,53,96,87,93,Multan,520
1380,Sana Tariq,22,Female,11,C,53,93,54,76,45,71,95,Hyderabad,392
1381,Zainab Yousaf,18,Female,9,D,61,87,69,55,51,48,74,Karachi,371
1382,Bilal Shah,22,Female,9,B,71,87,93,96,72,100,87,Hyderabad,519
1383,Saad Raza,17,Male,9,F,46,93,72,71,86,82,92,Multan,450
1384,Sana Cheema,19,Female,11,D,59,99,60,94,49,54,90,Peshawar,415
1385,Amna Shah,22,Male,12,F,59,42,64,73,87,40,71,Islamabad,365
1386,Iqra Chaudhry,20,Male,10,A,41,89,87,87,68,85,95,Faisalabad,457
1387,Zainab Noor,17,Female,9,F,58,85,63,62,85,83,95,Peshawar,436
1388,Ali Malik,19,Male,9,E,44,44,51,59,46,62,85,Faisalabad,306
1389,Usman Mehmood,19,Female,11,A,54,68,46,43,48,91,85,Sialkot,350
1390,Ahmed Cheema,21,Female,9,D,42,53,84,61,86,98,77,Multan,424
1391,Usman Noor,18,Male,11,B,91,48,51,60,69,65,83,Peshawar,384
1392,Ahmed Mehmood,18,Female,9,E,69,81,98,73,80,66,92,Islamabad,467
1393,Maryam Aslam,22,Male,12,C,88,74,42,98,97,59,88,Peshawar,458
1394,Talha Mirza,17,Male,11,D,80,87,100,70,49,71,83,Lahore,457
1395,Maryam Raza,20,Male,9,F,90,78,40,52,73,48,85,Rawalpindi,381
1396,Zainab Hassan,22,Female,11,D,79,66,47,44,94,76,81,Sialkot,406
1397,Anaya Tariq,21,Female,10,F,58,87,61,45,72,42,78,Peshawar,365
1398,Danish Khan,22,Male,11,B,62,50,81,49,71,86,73,Islamabad,399
1399,Iqra Noor,18,Female,9,F,81,61,66,93,44,95,70,Lahore,440
1400,Bilal Siddiqui,20,Female,9,E,71,55,46,61,50,92,74,Faisalabad,375
1401,Maryam Yousaf,17,Male,12,B,86,89,76,97,71,54,90,Hyderabad,473
1402,Talha Malik,16,Female,11,B,84,71,92,69,53,47,73,Islamabad,416
1403,Hassan Chaudhry,17,Male,10,D,67,98,50,81,58,41,81,Quetta,395
1404,Usman Siddiqui,16,Female,10,D,96,59,40,69,61,47,94,Sialkot,372
1405,Sana Raza,21,Female,10,A,54,89,93,64,88,45,77,Karachi,433
1406,Anaya Ahmed,22,Male,10,E,42,58,65,100,45,45,76,Islamabad,355
1407,Saad Iqbal,22,Male,10,A,95,44,81,79,62,65,73,Islamabad,426
1408,Maryam Shah,22,Female,10,A,100,80,76,84,70,76,83,Sialkot,486
1409,Danish Chaudhry,19,Female,12,A,62,71,53,84,79,68,78,Rawalpindi,417
1410,Hira Javed,18,Female,11,E,46,73,70,64,94,85,88,Multan,432
1411,Hira Aslam,20,Male,12,E,100,49,81,85,86,67,79,Hyderabad,468
1412,Bilal Aslam,17,Male,10,D,93,79,82,62,42,94,94,Sialkot,452
1413,Ahmed Shah,22,Female,11,A,52,65,63,44,89,83,94,Hyderabad,396
1414,Hira Yousaf,20,Male,10,C,79,94,62,46,84,64,80,Rawalpindi,429
1415,Sana Siddiqui,19,Male,11,E,92,77,77,83,74,48,89,Islamabad,451
1416,Hassan Iqbal,16,Male,11,E,63,89,42,88,77,88,75,Quetta,447
1417,Danish Noor,21,Male,12,D,53,60,70,86,58,43,88,Peshawar,370
1418,Ahmed Chaudhry,18,Female,9,B,80,42,80,63,78,49,93,Lahore,392
1419,Danish Chaudhry,17,Male,12,B,90,95,78,94,77,45,82,Faisalabad,479
1420,Talha Hassan,16,Female,9,A,80,88,89,72,86,77,94,Rawalpindi,492
1421,Zainab Cheema,22,Female,10,F,80,45,49,53,88,66,100,Rawalpindi,381
1422,Iqra Butt,21,Male,9,E,46,61,49,73,51,85,97,Lahore,365
1423,Abdullah Ahmed,20,Female,11,D,61,75,76,49,47,66,84,Hyderabad,374
1424,Ali Iqbal,16,Male,12,C,80,75,77,91,50,75,83,Sialkot,448
1425,Iqra Noor,16,Female,11,B,97,52,41,69,77,100,78,Peshawar,436
1426,Amna Butt,19,Male,12,C,50,62,49,48,82,96,98,Peshawar,387
1427,Zainab Iqbal,21,Male,11,E,53,81,100,90,49,76,81,Sialkot,449
1428,Fatima Mirza,22,Male,12,E,98,79,63,65,80,87,92,Karachi,472
1429,Hira Malik,21,Female,11,E,82,69,81,41,63,48,81,Karachi,384
1430,Usman Khan,22,Male,12,E,79,64,70,52,56,90,75,Islamabad,411
1431,Maryam Qureshi,18,Male,11,D,57,55,59,49,63,99,94,Quetta,382
1432,Hassan Aslam,18,Female,12,B,97,88,65,64,56,77,85,Peshawar,447
1433,Talha Ahmed,16,Male,11,D,59,43,48,85,82,45,94,Rawalpindi,362
1434,Hamza Malik,21,Male,10,C,81,100,62,65,42,83,91,Lahore,433
1435,Anaya Iqbal,19,Male,10,F,56,100,82,91,56,100,74,Faisalabad,485
1436,Fatima Mirza,20,Female,11,F,64,69,61,88,91,55,80,Quetta,428
1437,Ayesha Noor,20,Female,10,C,72,72,51,94,100,83,91,Peshawar,472
1438,Usman Siddiqui,21,Male,12,A,69,67,91,68,63,57,73,Quetta,415
1439,Amna Cheema,19,Male,12,F,86,56,50,46,44,87,93,Lahore,369
1440,Sana Khan,19,Male,12,B,100,42,46,43,49,87,76,Karachi,367
1441,Sana Chaudhry,21,Male,10,C,61,59,77,44,91,48,95,Rawalpindi,380
1442,Hamza Qureshi,17,Male,9,F,62,58,72,99,57,75,70,Quetta,423
1443,Sana Aslam,16,Male,11,A,46,80,89,75,44,70,97,Lahore,404
1444,Ahmed Akram,21,Male,12,F,76,48,99,79,91,60,92,Faisalabad,453
1445,Iqra Siddiqui,20,Male,9,F,55,53,99,96,97,69,81,Hyderabad,469
1446,Danish Hassan,22,Female,9,E,86,55,99,56,44,76,98,Rawalpindi,416
1447,Hira Khan,22,Male,12,A,83,70,82,78,88,66,76,Karachi,467
1448,Sana Qureshi,19,Male,10,B,84,65,46,100,44,98,76,Peshawar,437
1449,Sana Akram,16,Female,10,D,81,80,95,52,91,95,78,Islamabad,494
1450,Ayesha Tariq,20,Male,12,F,54,40,97,85,79,94,100,Hyderabad,449
1451,Danish Butt,18,Female,12,F,99,80,44,74,54,52,76,Lahore,403
1452,Fatima Ahmed,17,Female,10,D,69,91,73,62,40,86,86,Quetta,421
1453,Saad Malik,21,Female,10,A,90,97,69,68,49,54,92,Lahore,427
1454,Noor Chaudhry,20,Male,9,D,54,82,72,48,76,77,73,Quetta,409
1455,Hira Qureshi,19,Male,10,B,96,69,51,68,62,68,97,Faisalabad,414
1456,Noor Cheema,16,Female,12,D,54,69,89,66,50,97,99,Faisalabad,425
1457,Iqra Hassan,17,Female,10,B,70,82,94,46,46,81,93,Multan,419
1458,Hassan Akram,18,Female,9,E,100,72,84,96,90,62,94,Islamabad,504
1459,Fatima Mirza,21,Male,12,E,54,55,54,87,40,92,90,Sialkot,382
1460,Ayesha Qureshi,22,Male,10,F,64,100,83,67,98,48,96,Hyderabad,460
1461,Danish Tariq,20,Female,10,C,72,40,48,87,72,86,82,Quetta,405
1462,Maryam Malik,19,Male,9,A,68,98,64,55,79,62,93,Sialkot,426
1463,Bilal Ahmed,18,Female,10,D,60,83,76,91,53,86,96,Hyderabad,449
1464,Ali Malik,19,Male,9,C,88,50,79,91,87,98,77,Karachi,493
1465,Fatima Khan,18,Female,9,A,65,70,84,41,66,86,96,Peshawar,412
1466,Ali Raza,21,Male,11,C,64,89,95,45,46,84,95,Faisalabad,423
1467,Saad Mirza,22,Female,12,A,47,65,76,48,96,54,94,Rawalpindi,386
1468,Danish Mehmood,16,Male,9,B,48,60,67,53,76,61,74,Multan,365
1469,Sana Malik,20,Male,9,E,45,52,88,84,43,88,99,Quetta,400
1470,Hassan Siddiqui,21,Male,11,E,92,94,76,59,74,53,70,Quetta,448
1471,Hira Akram,21,Female,11,A,78,77,100,53,60,76,87,Hyderabad,444
1472,Bilal Malik,21,Male,12,B,77,89,90,94,98,64,90,Quetta,512
1473,Hira Khan,18,Male,12,D,94,71,49,63,87,89,70,Lahore,453
1474,Ahmed Yousaf,17,Female,12,F,100,84,68,98,97,89,85,Rawalpindi,536
1475,Danish Chaudhry,19,Male,12,A,83,86,80,73,63,50,80,Faisalabad,435
1476,Fatima Akram,16,Male,10,E,56,98,63,44,64,85,85,Hyderabad,410
1477,Zainab Hassan,22,Male,10,B,52,48,65,74,44,54,90,Lahore,337
1478,Saad Akram,18,Male,9,D,96,93,97,63,44,84,93,Lahore,477
1479,Anaya Ahmed,20,Male,11,C,59,59,79,87,98,98,98,Hyderabad,480
1480,Amna Mirza,17,Female,11,F,56,96,90,69,81,93,88,Rawalpindi,485
1481,Anaya Butt,21,Female,9,A,51,65,89,43,86,40,93,Quetta,374
1482,Hira Hassan,21,Female,9,D,91,67,78,61,77,90,94,Islamabad,464
1483,Sana Mehmood,17,Male,9,B,52,100,57,64,52,51,71,Quetta,376
1484,Danish Akram,17,Male,9,C,68,97,63,56,63,56,95,Karachi,403
1485,Zainab Akram,16,Male,12,A,63,40,67,41,52,80,70,Islamabad,343
1486,Talha Siddiqui,22,Male,12,B,59,66,84,60,41,68,81,Karachi,378
1487,Hassan Ahmed,20,Male,12,D,69,47,74,55,96,63,82,Lahore,404
1488,Hassan Hassan,17,Male,12,A,53,93,58,89,97,100,80,Rawalpindi,490
1489,Abdullah Khan,18,Male,12,B,54,61,100,67,42,40,84,Peshawar,364
1490,Ali Butt,19,Female,9,B,86,97,68,63,57,57,73,Multan,428
1491,Hamza Malik,16,Male,9,D,100,53,75,92,92,98,98,Multan,510
1492,Anaya Khan,21,Male,9,E,43,97,70,47,66,98,70,Faisalabad,421
1493,Fatima Tariq,18,Male,12,F,82,97,41,97,60,54,95,Hyderabad,431
1494,Hira Hassan,22,Female,12,D,91,49,89,54,44,87,70,Lahore,414
1495,Talha Iqbal,19,Female,11,A,86,98,57,85,98,78,89,Faisalabad,502
1496,Usman Qureshi,22,Male,10,D,87,69,43,63,57,51,95,Faisalabad,370
1497,Fatima Javed,22,Male,9,D,68,56,61,87,97,72,90,Karachi,441
1498,Noor Raza,21,Female,10,F,83,59,51,91,80,74,73,Islamabad,438
1499,Zainab Akram,18,Male,10,A,83,40,52,52,96,81,98,Karachi,404
1500,Hira Tariq,17,Female,11,E,65,85,82,91,94,98,95,Hyderabad,515
1501,Danish Qureshi,19,Female,11,D,59,71,74,89,96,56,73,Islamabad,445
1502,Sana Aslam,16,Male,11,E,58,83,59,60,45,73,96,Faisalabad,378
1503,Anaya Akram,21,Male,12,B,98,54,77,57,57,99,91,Hyderabad,442
1504,Usman Akram,17,Female,11,C,97,72,48,97,79,86,91,Islamabad,479
1505,Ali Cheema,21,Female,11,E,85,89,91,100,58,49,78,Hyderabad,472
1506,Talha Iqbal,20,Female,11,C,86,60,77,91,40,50,77,Multan,404
1507,Danish Javed,22,Female,9,C,41,42,41,68,87,78,85,Faisalabad,357
1508,Danish Mehmood,22,Male,11,D,59,60,59,72,85,87,80,Sialkot,422
1509,Talha Mehmood,19,Male,10,C,82,72,85,53,68,78,81,Lahore,438
1510,Noor Qureshi,18,Female,11,E,41,79,60,71,53,82,99,Faisalabad,386
1511,Hamza Shah,16,Female,10,E,74,95,40,83,45,91,76,Islamabad,428
1512,Bilal Iqbal,17,Male,10,E,69,51,49,93,44,97,84,Faisalabad,403
1513,Ahmed Cheema,16,Female,12,D,100,100,53,86,50,91,86,Faisalabad,480
1514,Bilal Qureshi,19,Female,10,D,61,97,82,73,65,95,73,Islamabad,473
1515,Danish Raza,20,Female,10,C,55,82,82,68,59,74,84,Faisalabad,420
1516,Abdullah Iqbal,19,Male,12,F,40,59,52,42,97,48,89,Lahore,338
1517,Abdullah Hassan,21,Male,9,D,87,43,49,81,94,87,88,Multan,441
1518,Danish Noor,19,Female,10,B,81,84,44,81,62,75,90,Faisalabad,427
1519,Ali Ahmed,18,Male,12,E,70,40,85,94,55,68,95,Rawalpindi,412
1520,Iqra Akram,19,Female,9,A,47,88,92,83,84,80,73,Rawalpindi,474
1521,Ayesha Qureshi,17,Male,12,F,44,50,79,44,44,94,79,Multan,355
1522,Ayesha Shah,20,Female,10,B,45,83,64,80,46,77,73,Rawalpindi,395
1523,Ahmed Hassan,22,Female,11,B,48,73,73,97,65,85,72,Quetta,441
1524,Maryam Raza,22,Male,9,C,95,91,40,81,57,52,73,Multan,416
1525,Hamza Mehmood,20,Male,10,C,79,57,65,92,61,96,91,Peshawar,450
1526,Hira Mirza,19,Female,10,F,77,79,84,74,77,77,79,Hyderabad,468
1527,Danish Aslam,20,Male,12,C,96,92,63,74,47,62,90,Islamabad,434
1528,Talha Qureshi,18,Female,10,F,54,49,65,94,77,44,70,Hyderabad,383
1529,Hamza Chaudhry,22,Male,10,E,51,52,87,85,77,54,72,Islamabad,406
1530,Noor Yousaf,20,Male,9,B,47,76,79,65,43,53,70,Rawalpindi,363
1531,Usman Mirza,17,Male,11,C,92,99,85,54,60,67,77,Islamabad,457
1532,Hamza Tariq,18,Female,10,A,40,92,81,72,72,63,89,Karachi,420
1533,Sana Iqbal,19,Male,11,C,60,92,81,79,50,42,87,Lahore,404
1534,Hira Akram,18,Male,9,E,89,100,51,69,45,46,77,Karachi,400
1535,Maryam Shah,20,Male,9,E,55,67,87,45,74,61,92,Lahore,389
1536,Amna Yousaf,21,Male,12,A,42,71,98,78,71,71,83,Karachi,431
1537,Ayesha Hassan,20,Female,12,F,88,46,65,95,54,43,98,Peshawar,391
1538,Ahmed Shah,20,Male,9,E,86,79,78,96,63,71,96,Hyderabad,473
1539,Ayesha Khan,20,Male,11,B,96,72,72,85,56,68,74,Quetta,449
1540,Ayesha Hassan,18,Female,10,B,73,56,65,97,84,77,91,Multan,452
1541,Hassan Butt,22,Female,11,A,76,94,61,55,50,98,73,Quetta,434
1542,Abdullah Aslam,17,Female,9,B,64,73,44,62,83,71,95,Faisalabad,397
1543,Usman Qureshi,20,Male,9,E,48,71,62,54,99,68,88,Lahore,402
1544,Hassan Cheema,18,Female,12,D,61,98,83,50,67,55,70,Sialkot,414
1545,Hamza Yousaf,21,Male,12,C,66,44,96,80,63,51,91,Sialkot,400
1546,Ayesha Butt,20,Male,11,C,94,89,68,55,60,100,98,Multan,466
1547,Ayesha Butt,18,Male,12,C,45,52,62,41,62,70,82,Quetta,332
1548,Ali Hassan,22,Female,11,C,96,66,84,52,87,55,100,Hyderabad,440
1549,Bilal Malik,18,Male,12,A,44,96,86,60,42,63,87,Islamabad,391
1550,Ali Siddiqui,20,Female,12,A,93,49,77,66,97,42,70,Multan,424
1551,Hamza Mehmood,19,Female,9,E,94,40,75,50,75,57,70,Sialkot,391
1552,Hamza Aslam,16,Female,9,A,51,50,71,98,82,79,87,Islamabad,431
1553,Bilal Tariq,21,Male,12,A,69,62,70,66,67,65,77,Hyderabad,399
1554,Fatima Chaudhry,16,Female,12,B,64,89,84,42,52,92,96,Rawalpindi,423
1555,Noor Iqbal,22,Male,12,A,99,59,91,52,67,62,83,Islamabad,430
1556,Bilal Akram,19,Female,10,A,57,69,83,77,55,44,93,Peshawar,385
1557,Iqra Noor,20,Female,9,B,93,91,89,55,61,84,75,Islamabad,473
1558,Talha Aslam,16,Male,9,B,68,51,96,40,84,74,80,Sialkot,413
1559,Saad Butt,22,Female,9,B,80,87,63,43,88,49,90,Peshawar,410
1560,Danish Javed,20,Male,11,D,61,44,88,41,42,54,100,Sialkot,330
1561,Maryam Siddiqui,19,Male,11,A,100,74,90,63,73,55,90,Islamabad,455
1562,Bilal Mirza,19,Female,12,D,95,63,93,60,45,58,79,Quetta,414
1563,Maryam Tariq,16,Male,11,F,51,100,85,62,59,54,72,Quetta,411
1564,Amna Cheema,16,Male,12,F,90,56,91,91,94,40,86,Lahore,462
1565,Ali Iqbal,17,Female,12,D,53,51,71,75,62,100,83,Rawalpindi,412
1566,Hira Shah,22,Female,11,F,80,48,92,82,84,41,78,Karachi,427
1567,Saad Javed,20,Male,12,B,90,99,45,56,77,62,83,Peshawar,429
1568,Iqra Cheema,22,Male,10,F,100,84,57,56,89,94,78,Lahore,480
1569,Ali Hassan,22,Female,9,D,77,94,43,100,93,49,95,Multan,456
1570,Abdullah Mehmood,17,Male,10,A,71,80,93,89,96,70,98,Faisalabad,499
1571,Sana Butt,16,Male,10,F,52,89,54,49,98,48,91,Faisalabad,390
1572,Fatima Ahmed,22,Female,9,D,98,41,46,100,91,47,83,Karachi,423
1573,Hira Iqbal,16,Female,10,E,85,45,86,43,95,61,81,Rawalpindi,415
1574,Abdullah Shah,22,Female,12,A,62,53,98,62,98,75,95,Multan,448
1575,Danish Mehmood,16,Female,10,D,53,70,43,90,72,87,88,Lahore,415
1576,Noor Cheema,19,Male,10,C,72,61,92,96,79,97,93,Faisalabad,497
1577,Saad Butt,21,Female,11,A,74,91,51,98,94,48,91,Karachi,456
1578,Talha Raza,21,Male,9,C,66,82,82,91,65,70,73,Rawalpindi,456
1579,Hamza Ahmed,21,Female,12,F,46,74,90,100,91,61,86,Quetta,462
1580,Hira Cheema,17,Male,11,C,47,76,66,42,42,90,80,Islamabad,363
1581,Sana Mirza,16,Male,12,B,41,66,85,70,45,94,70,Peshawar,401
1582,Talha Javed,21,Female,12,D,83,64,74,96,50,87,84,Multan,454
1583,Danish Shah,19,Female,12,F,78,77,82,67,97,57,92,Lahore,458
1584,Amna Butt,16,Male,11,B,84,94,94,90,57,100,87,Peshawar,519
1585,Zainab Tariq,21,Male,11,E,78,80,90,68,59,76,99,Islamabad,451
1586,Ali Shah,20,Female,9,E,80,56,55,78,64,67,87,Peshawar,400
1587,Abdullah Malik,18,Male,12,B,87,88,95,80,46,44,73,Rawalpindi,440
1588,Saad Akram,21,Female,12,F,75,82,63,42,90,68,87,Quetta,420
1589,Hamza Iqbal,16,Male,11,E,86,98,75,48,81,61,82,Faisalabad,449
1590,Hassan Malik,17,Female,11,E,47,63,53,48,97,87,76,Islamabad,395
1591,Bilal Ahmed,18,Female,10,F,81,99,73,66,59,54,78,Lahore,432
1592,Usman Cheema,22,Female,11,D,42,54,92,79,48,73,87,Karachi,388
1593,Hira Akram,17,Male,12,B,94,47,58,89,56,41,78,Hyderabad,385
1594,Iqra Hassan,16,Male,11,A,83,58,70,62,77,82,87,Lahore,432
1595,Fatima Cheema,22,Female,10,E,86,83,57,61,79,83,75,Quetta,449
1596,Hira Ahmed,18,Female,10,C,47,64,68,63,77,43,99,Karachi,362
1597,Maryam Mehmood,16,Male,9,D,90,83,45,49,52,93,75,Islamabad,412
1598,Danish Shah,18,Female,11,B,73,59,74,100,57,40,70,Quetta,403
1599,Abdullah Cheema,20,Female,10,A,88,60,65,43,87,91,96,Hyderabad,434
1600,Ayesha Tariq,20,Male,10,E,83,51,88,53,51,63,88,Multan,389
1601,Hira Akram,21,Male,9,E,71,90,99,75,75,58,84,Faisalabad,468
1602,Zainab Iqbal,17,Female,11,F,58,51,78,47,88,66,99,Rawalpindi,388
1603,Sana Siddiqui,21,Male,12,B,56,86,81,46,55,44,72,Lahore,368
1604,Hamza Iqbal,18,Male,11,C,75,55,71,68,81,60,70,Peshawar,410
1605,Zainab Mirza,22,Female,11,E,60,83,67,89,98,93,93,Hyderabad,490
1606,Ahmed Akram,21,Female,10,F,74,72,93,85,73,64,74,Islamabad,461
1607,Danish Ahmed,17,Female,10,D,78,44,49,62,79,81,73,Rawalpindi,393
1608,Zainab Hassan,18,Male,9,E,62,69,88,43,72,76,92,Lahore,410
1609,Zainab Butt,21,Female,10,A,77,71,48,77,49,55,71,Rawalpindi,377
1610,Ahmed Siddiqui,19,Male,10,F,98,99,76,98,91,60,87,Rawalpindi,522
1611,Zainab Noor,22,Male,9,D,96,45,90,91,79,87,93,Lahore,488
1612,Hira Yousaf,22,Female,10,F,55,89,90,77,45,83,83,Faisalabad,439
1613,Sana Butt,17,Male,9,B,92,71,50,40,49,40,98,Karachi,342
1614,Bilal Chaudhry,18,Female,9,E,78,78,53,97,54,42,91,Multan,402
1615,Abdullah Aslam,18,Male,9,F,42,68,95,88,79,46,80,Faisalabad,418
1616,Talha Noor,22,Female,12,A,100,89,50,74,64,92,79,Peshawar,469
1617,Maryam Javed,21,Female,12,E,61,52,61,43,44,80,100,Karachi,341
1618,Fatima Aslam,18,Male,10,E,45,83,97,58,52,41,92,Sialkot,376
1619,Hassan Raza,20,Female,10,D,77,56,60,97,60,76,92,Peshawar,426
1620,Saad Mehmood,20,Female,9,D,85,92,77,61,61,45,94,Hyderabad,421
1621,Saad Shah,19,Male,12,A,80,59,92,58,84,43,72,Lahore,416
1622,Anaya Butt,22,Female,9,B,47,53,69,48,95,100,71,Karachi,412
1623,Ahmed Akram,20,Male,10,E,83,70,43,93,45,89,89,Multan,423
1624,Hira Raza,19,Male,9,C,89,58,97,60,92,87,82,Quetta,483
1625,Bilal Butt,22,Male,11,D,60,70,56,59,75,80,96,Lahore,400
1626,Maryam Butt,18,Male,11,C,42,45,62,98,99,53,83,Karachi,399
1627,Hassan Chaudhry,16,Male,9,E,99,45,60,62,45,92,75,Quetta,403
1628,Zainab Butt,22,Female,11,C,48,47,79,63,89,90,92,Karachi,416
1629,Maryam Mirza,22,Male,9,A,85,82,66,40,53,94,85,Islamabad,420
1630,Ali Shah,17,Male,11,C,56,42,74,72,75,97,91,Hyderabad,416
1631,Bilal Shah,21,Female,12,B,48,77,77,88,100,49,76,Multan,439
1632,Fatima Mehmood,22,Male,12,B,62,41,69,56,47,82,77,Quetta,357
1633,Noor Siddiqui,22,Female,10,B,95,62,66,46,80,64,83,Peshawar,413
1634,Usman Qureshi,21,Female,11,C,54,89,81,66,50,91,98,Quetta,431
1635,Bilal Malik,18,Male,9,B,95,47,61,42,65,64,97,Faisalabad,374
1636,Abdullah Chaudhry,18,Male,10,A,93,86,70,44,52,67,86,Faisalabad,412
1637,Amna Javed,20,Female,10,D,61,68,52,79,72,44,80,Peshawar,376
1638,Zainab Cheema,19,Female,12,D,70,48,50,70,46,81,76,Sialkot,365
1639,Iqra Ahmed,22,Female,11,B,49,74,45,56,60,100,89,Rawalpindi,384
1640,Bilal Yousaf,18,Female,9,B,94,65,46,53,85,81,77,Faisalabad,424
1641,Sana Noor,20,Male,11,E,76,95,51,72,74,91,75,Islamabad,459
1642,Fatima Hassan,18,Male,9,F,78,90,66,51,82,95,80,Lahore,462
1643,Amna Raza,17,Male,12,B,84,47,92,84,66,67,88,Sialkot,440
1644,Usman Ahmed,17,Male,12,C,48,54,74,86,78,69,73,Hyderabad,409
1645,Ali Siddiqui,22,Female,9,F,79,62,86,50,62,91,82,Faisalabad,430
1646,Zainab Ahmed,21,Female,11,A,70,76,83,74,67,58,86,Multan,428
1647,Ayesha Noor,19,Female,9,E,56,69,96,93,83,78,88,Multan,475
1648,Abdullah Akram,17,Female,9,F,60,63,78,61,88,69,82,Rawalpindi,419
1649,Saad Noor,17,Male,12,B,69,46,41,64,40,48,96,Faisalabad,308
1650,Hassan Chaudhry,21,Male,10,C,80,97,47,87,93,98,88,Faisalabad,502
1651,Noor Mehmood,19,Female,10,C,85,68,40,65,74,45,89,Hyderabad,377
1652,Abdullah Akram,19,Female,10,A,90,50,74,67,65,56,85,Lahore,402
1653,Usman Yousaf,20,Female,11,B,93,45,48,61,79,98,86,Hyderabad,424
1654,Abdullah Khan,16,Female,9,E,52,64,68,66,51,44,79,Quetta,345
1655,Hassan Malik,19,Male,9,A,57,41,47,49,68,99,76,Hyderabad,361
1656,Danish Iqbal,19,Male,9,B,53,49,61,98,60,99,100,Faisalabad,420
1657,Abdullah Yousaf,20,Female,10,B,49,60,81,57,99,91,81,Peshawar,437
1658,Hira Siddiqui,16,Female,9,B,77,99,70,88,97,85,86,Lahore,516
1659,Hira Hassan,19,Female,12,B,49,55,54,94,81,46,70,Sialkot,379
1660,Fatima Mehmood,22,Female,9,C,72,90,44,58,82,98,85,Islamabad,444
1661,Ahmed Iqbal,18,Female,11,B,84,90,61,76,66,77,72,Quetta,454
1662,Iqra Mirza,18,Male,12,C,99,41,71,87,61,41,78,Islamabad,400
1663,Ayesha Iqbal,18,Male,12,C,93,81,56,63,73,46,95,Islamabad,412
1664,Ayesha Ahmed,21,Male,11,C,69,48,90,61,66,69,81,Rawalpindi,403
1665,Ayesha Butt,16,Male,11,A,82,49,48,89,48,81,94,Peshawar,397
1666,Bilal Shah,20,Male,9,E,62,93,86,74,52,94,82,Peshawar,461
1667,Sana Yousaf,17,Female,12,B,51,67,77,84,51,49,74,Quetta,379
1668,Danish Hassan,18,Female,12,F,98,68,70,73,48,62,79,Rawalpindi,419
1669,Abdullah Khan,17,Female,12,F,49,93,45,90,88,42,71,Lahore,407
1670,Saad Raza,16,Male,10,E,74,58,84,46,71,40,83,Faisalabad,373
1671,Hassan Ahmed,16,Female,12,E,93,67,67,59,99,66,71,Peshawar,451
1672,Zainab Yousaf,18,Female,10,F,48,82,99,83,58,87,92,Lahore,457
1673,Maryam Chaudhry,22,Male,11,D,55,57,48,89,91,43,82,Karachi,383
1674,Ayesha Siddiqui,22,Male,11,E,71,61,76,54,90,91,83,Rawalpindi,443
1675,Hira Iqbal,21,Male,12,B,54,81,94,71,79,88,79,Quetta,467
1676,Ahmed Mehmood,17,Male,11,A,41,96,40,83,42,54,79,Rawalpindi,356
1677,Talha Iqbal,17,Female,10,C,100,52,56,48,64,77,80,Islamabad,397
1678,Hassan Chaudhry,20,Female,12,B,56,66,65,54,79,99,78,Sialkot,419
1679,Hira Hassan,17,Male,9,B,62,69,42,99,56,70,93,Rawalpindi,398
1680,Fatima Khan,20,Female,9,B,90,76,52,91,96,84,88,Karachi,489
1681,Iqra Yousaf,20,Female,11,E,59,61,47,46,46,98,96,Multan,357
1682,Abdullah Aslam,22,Male,12,E,89,79,72,89,80,58,71,Sialkot,467
1683,Hassan Qureshi,22,Female,10,A,97,95,85,44,90,44,76,Faisalabad,455
1684,Hassan Malik,22,Female,11,B,94,91,73,65,85,68,87,Lahore,476
1685,Maryam Khan,16,Female,9,D,52,88,67,67,95,46,90,Peshawar,415
1686,Amna Iqbal,20,Male,12,C,80,53,76,98,49,89,86,Islamabad,445
1687,Saad Hassan,22,Male,11,D,82,98,60,92,48,66,73,Lahore,446
1688,Hamza Siddiqui,18,Male,12,D,45,88,54,65,83,80,92,Sialkot,415
1689,Saad Noor,18,Female,11,F,64,46,43,87,82,67,96,Karachi,389
1690,Usman Mehmood,20,Female,11,C,50,66,57,81,87,94,71,Quetta,435
1691,Ahmed Aslam,17,Male,9,D,56,83,55,84,62,67,79,Karachi,407
1692,Danish Ahmed,17,Male,11,B,60,49,41,91,70,41,81,Sialkot,352
1693,Noor Qureshi,21,Female,11,F,52,55,57,83,66,45,84,Islamabad,358
1694,Fatima Malik,20,Male,12,F,43,73,100,82,80,56,76,Peshawar,434
1695,Danish Qureshi,22,Male,11,C,74,94,51,54,97,45,85,Peshawar,415
1696,Amna Noor,18,Female,9,A,63,59,80,51,99,73,94,Hyderabad,425
1697,Maryam Chaudhry,22,Male,9,F,54,62,78,47,54,90,75,Faisalabad,385
1698,Ali Shah,19,Female,11,A,96,44,85,94,96,85,77,Peshawar,500
1699,Ali Raza,22,Male,9,E,44,58,47,100,43,58,90,Rawalpindi,350
1700,Fatima Qureshi,16,Female,12,F,95,77,87,41,58,54,74,Lahore,412
1701,Hamza Mirza,20,Male,11,E,86,42,63,65,43,68,100,Quetta,367
1702,Bilal Mehmood,21,Female,11,C,100,61,91,70,71,68,85,Karachi,461
1703,Amna Tariq,16,Female,12,D,80,100,94,53,77,67,90,Lahore,471
1704,Ayesha Shah,19,Male,12,C,78,59,50,72,47,56,89,Rawalpindi,362
1705,Ahmed Noor,19,Male,11,D,75,83,52,43,95,91,78,Hyderabad,439
1706,Noor Tariq,18,Male,10,E,79,41,72,70,59,91,74,Sialkot,412
1707,Usman Shah,21,Male,9,B,70,62,47,50,91,93,93,Rawalpindi,413
1708,Saad Chaudhry,18,Male,10,F,94,93,57,100,75,63,71,Rawalpindi,482
1709,Hassan Malik,18,Female,10,D,49,82,66,79,74,98,93,Lahore,448
1710,Fatima Chaudhry,17,Male,11,E,73,81,40,85,82,85,92,Hyderabad,446
1711,Iqra Siddiqui,22,Male,12,C,91,43,73,100,50,63,99,Quetta,420
1712,Noor Noor,22,Male,11,D,54,46,69,55,53,63,93,Karachi,340
1713,Ali Noor,16,Female,9,F,84,86,77,46,93,82,73,Karachi,468
1714,Usman Butt,20,Female,9,B,68,75,91,96,100,50,79,Peshawar,480
1715,Saad Javed,18,Female,12,D,46,69,95,81,95,83,90,Hyderabad,469
1716,Usman Javed,19,Male,9,B,49,59,67,74,86,51,92,Faisalabad,386
1717,Bilal Raza,16,Female,12,C,91,78,73,54,94,72,80,Islamabad,462
1718,Noor Yousaf,20,Male,12,C,67,64,42,45,99,99,70,Peshawar,416
1719,Ahmed Tariq,21,Male,9,B,92,59,57,94,81,69,78,Islamabad,452
1720,Amna Javed,22,Male,10,B,40,100,54,94,62,48,74,Sialkot,398
1721,Anaya Shah,18,Female,10,F,51,94,43,100,89,97,88,Rawalpindi,474
1722,Anaya Aslam,21,Male,10,B,72,60,65,46,73,78,95,Faisalabad,394
1723,Saad Raza,16,Male,10,C,71,52,61,96,94,49,71,Lahore,423
1724,Iqra Yousaf,22,Female,11,B,52,48,100,75,71,92,100,Hyderabad,438
1725,Iqra Tariq,18,Female,10,A,82,48,66,82,93,74,78,Faisalabad,445
1726,Hamza Hassan,16,Female,12,F,96,53,94,41,69,59,70,Faisalabad,412
1727,Ahmed Tariq,16,Female,11,B,69,60,64,45,100,53,72,Hyderabad,391
1728,Hamza Malik,21,Male,12,B,80,71,66,99,49,57,99,Quetta,422
1729,Bilal Yousaf,17,Male,11,E,81,85,92,44,58,57,99,Quetta,417
1730,Talha Aslam,22,Male,9,E,67,49,53,82,64,92,98,Multan,407
1731,Abdullah Mehmood,16,Male,11,D,86,76,96,56,54,88,89,Rawalpindi,456
1732,Maryam Qureshi,20,Male,12,C,100,90,82,99,57,44,72,Islamabad,472
1733,Anaya Khan,21,Male,10,B,65,85,51,56,43,91,96,Quetta,391
1734,Fatima Yousaf,19,Male,9,F,56,87,87,88,73,88,83,Rawalpindi,479
1735,Usman Akram,20,Female,9,C,80,62,52,95,58,65,88,Faisalabad,412
1736,Danish Chaudhry,20,Female,12,A,79,95,91,68,52,44,87,Peshawar,429
1737,Amna Malik,17,Female,9,A,53,87,46,86,56,71,97,Rawalpindi,399
1738,Sana Javed,21,Male,9,C,49,58,84,48,41,53,87,Quetta,333
1739,Iqra Butt,22,Male,9,A,86,61,90,86,96,92,78,Sialkot,511
1740,Fatima Tariq,19,Female,12,B,100,53,99,43,63,55,77,Islamabad,413
1741,Fatima Butt,22,Male,12,C,71,75,55,83,65,45,74,Sialkot,394
1742,Saad Khan,20,Female,10,A,82,81,43,80,79,78,84,Karachi,443
1743,Noor Tariq,20,Female,12,F,73,71,66,46,94,41,90,Multan,391
1744,Bilal Tariq,16,Female,9,E,42,42,67,51,100,69,78,Peshawar,371
1745,Amna Butt,17,Male,10,F,40,70,86,83,92,82,85,Sialkot,453
1746,Talha Malik,19,Male,10,B,67,87,88,79,61,95,86,Karachi,477
1747,Abdullah Siddiqui,19,Female,12,C,91,73,78,92,71,83,82,Multan,488
1748,Anaya Butt,17,Male,9,D,45,99,97,43,98,78,80,Peshawar,460
1749,Abdullah Mehmood,21,Female,11,E,63,78,78,55,79,71,94,Karachi,424
1750,Usman Qureshi,19,Female,11,E,94,62,77,47,42,45,78,Quetta,367
1751,Saad Qureshi,22,Female,9,B,74,71,65,61,46,44,96,Peshawar,361
1752,Amna Tariq,20,Female,11,C,81,90,86,86,54,94,86,Hyderabad,491
1753,Sana Noor,18,Female,12,D,44,44,49,43,70,95,96,Faisalabad,345
1754,Hassan Mirza,17,Male,11,D,72,52,97,60,85,48,77,Sialkot,414
1755,Iqra Mirza,20,Female,9,E,96,96,41,43,71,86,89,Quetta,433
1756,Ali Butt,19,Female,10,B,75,89,100,90,48,75,91,Hyderabad,477
1757,Ayesha Siddiqui,21,Female,12,B,85,90,61,59,52,96,92,Faisalabad,443
1758,Ahmed Cheema,21,Male,11,F,100,64,78,74,41,73,100,Islamabad,430
1759,Hira Raza,21,Female,9,A,85,92,58,68,97,81,97,Sialkot,481
1760,Danish Qureshi,20,Male,12,C,65,45,71,48,99,44,87,Multan,372
1761,Zainab Butt,21,Female,9,C,96,64,95,44,73,71,93,Hyderabad,443
1762,Noor Tariq,19,Female,11,B,65,48,73,80,95,71,89,Lahore,432
1763,Usman Akram,19,Female,11,C,53,71,50,65,50,58,96,Hyderabad,347
1764,Hamza Ahmed,22,Male,12,B,40,63,54,100,92,74,78,Rawalpindi,423
1765,Noor Raza,22,Female,12,E,56,58,92,93,92,72,100,Islamabad,463
1766,Anaya Hassan,22,Female,12,A,61,66,84,84,47,76,100,Islamabad,418
1767,Danish Siddiqui,22,Male,9,D,58,54,48,98,60,69,96,Rawalpindi,387
1768,Zainab Siddiqui,20,Female,12,E,92,42,48,89,99,49,95,Quetta,419
1769,Talha Malik,19,Female,10,D,51,78,41,41,93,82,75,Karachi,386
1770,Danish Hassan,18,Male,12,A,44,65,99,95,90,85,73,Quetta,478
1771,Danish Khan,19,Female,9,C,86,47,86,58,76,86,100,Lahore,439
1772,Sana Iqbal,22,Male,10,C,99,46,40,84,56,68,87,Lahore,393
1773,Ayesha Javed,16,Female,11,D,43,41,80,46,79,100,73,Hyderabad,389
1774,Talha Mirza,19,Male,10,E,87,41,70,57,70,44,75,Karachi,369
1775,Usman Javed,17,Female,11,D,92,67,48,60,62,74,71,Faisalabad,403
1776,Maryam Iqbal,17,Female,9,C,56,67,98,40,98,54,84,Multan,413
1777,Ahmed Ahmed,21,Male,11,E,41,56,50,94,41,44,72,Islamabad,326
1778,Abdullah Noor,16,Female,11,B,61,67,98,52,66,92,71,Quetta,436
1779,Ayesha Mehmood,19,Female,12,A,76,70,78,88,88,94,85,Karachi,494
1780,Iqra Malik,18,Female,12,C,46,47,87,91,84,94,89,Faisalabad,449
1781,Amna Chaudhry,17,Male,10,A,57,79,71,48,84,45,82,Rawalpindi,384
1782,Fatima Mehmood,19,Male,12,A,53,82,90,86,85,71,93,Rawalpindi,467
1783,Anaya Tariq,16,Female,10,A,62,51,100,65,45,97,76,Islamabad,420
1784,Zainab Aslam,19,Female,11,C,97,56,75,74,69,99,74,Peshawar,470
1785,Noor Iqbal,16,Male,9,A,86,44,83,54,86,96,87,Hyderabad,449
1786,Ali Javed,16,Female,10,E,73,82,41,72,44,59,73,Islamabad,371
1787,Hamza Aslam,16,Female,11,F,91,91,82,95,53,54,95,Islamabad,466
1788,Anaya Akram,21,Male,11,C,76,44,95,56,74,47,84,Hyderabad,392
1789,Zainab Siddiqui,16,Male,9,B,44,86,71,88,71,96,97,Rawalpindi,456
1790,Ali Qureshi,22,Male,12,F,60,86,42,42,88,77,73,Islamabad,395
1791,Iqra Cheema,17,Female,12,B,74,76,85,56,64,90,87,Quetta,445
1792,Maryam Malik,22,Male,10,B,99,88,64,60,71,43,89,Sialkot,425
1793,Fatima Cheema,21,Female,12,A,67,65,93,40,56,73,87,Sialkot,394
1794,Hamza Cheema,19,Female,9,A,59,50,66,54,51,96,91,Quetta,376
1795,Amna Noor,20,Male,11,C,53,83,80,40,54,52,71,Multan,362
1796,Hassan Yousaf,20,Male,9,A,47,56,42,93,85,72,85,Quetta,395
1797,Maryam Mirza,18,Female,10,F,58,78,70,90,79,77,91,Quetta,452
1798,Talha Javed,16,Male,12,D,64,63,74,69,57,60,95,Faisalabad,387
1799,Hamza Aslam,22,Male,12,D,60,41,93,80,83,60,97,Hyderabad,417
1800,Noor Tariq,16,Female,9,E,54,82,49,73,64,57,88,Multan,379
1801,Usman Tariq,22,Male,9,F,85,67,45,71,56,40,72,Faisalabad,364
1802,Talha Raza,16,Male,11,B,84,78,99,57,93,76,94,Quetta,487
1803,Danish Raza,22,Male,10,A,81,98,100,55,98,74,87,Hyderabad,506
1804,Ali Shah,18,Male,11,C,79,98,73,41,62,52,88,Peshawar,405
1805,Bilal Akram,16,Male,9,A,42,82,53,84,55,100,75,Lahore,416
1806,Danish Raza,18,Male,9,B,66,79,70,53,64,44,80,Karachi,376
1807,Abdullah Ahmed,22,Male,9,E,56,56,72,98,40,67,83,Lahore,389
1808,Sana Javed,18,Male,9,E,42,70,99,58,42,83,96,Hyderabad,394
1809,Ayesha Yousaf,20,Female,9,F,50,92,49,42,41,70,71,Quetta,344
1810,Hamza Chaudhry,19,Male,9,B,57,47,70,86,47,77,75,Hyderabad,384
1811,Noor Ahmed,16,Male,9,B,66,51,91,54,81,74,81,Rawalpindi,417
1812,Danish Javed,17,Female,11,D,55,100,85,81,55,92,92,Multan,468
1813,Ali Malik,18,Female,12,E,58,88,55,88,61,91,83,Faisalabad,441
1814,Danish Ahmed,21,Male,12,E,52,45,74,55,43,89,74,Faisalabad,358
1815,Saad Chaudhry,19,Female,10,F,86,85,94,63,93,73,95,Hyderabad,494
1816,Zainab Tariq,16,Female,9,D,88,79,55,80,54,62,82,Hyderabad,418
1817,Fatima Javed,22,Female,9,D,59,66,69,63,88,94,79,Multan,439
1818,Ahmed Aslam,22,Male,9,F,89,82,48,83,93,83,90,Lahore,478
1819,Noor Ahmed,19,Female,10,D,45,69,58,56,77,83,85,Multan,388
1820,Amna Hassan,22,Female,10,B,45,41,47,99,77,59,72,Quetta,368
1821,Saad Butt,17,Female,12,C,70,62,98,63,65,56,81,Islamabad,414
1822,Hamza Hassan,19,Male,12,D,86,89,98,79,73,72,84,Multan,497
1823,Noor Aslam,20,Female,10,B,68,45,89,59,61,58,99,Quetta,380
1824,Amna Javed,22,Male,9,C,82,94,100,79,57,72,85,Peshawar,484
1825,Ali Iqbal,17,Female,12,B,88,57,87,88,61,65,75,Karachi,446
1826,Bilal Tariq,20,Male,11,D,84,99,96,47,82,94,92,Faisalabad,502
1827,Danish Khan,20,Male,9,F,54,62,98,84,82,99,98,Lahore,479
1828,Bilal Butt,22,Male,11,C,78,56,63,70,78,94,73,Peshawar,439
1829,Ayesha Tariq,19,Male,12,F,93,80,88,64,98,96,78,Karachi,519
1830,Ayesha Raza,19,Male,12,B,100,89,63,68,55,76,96,Hyderabad,451
1831,Hassan Malik,20,Female,9,D,88,63,98,70,53,76,86,Sialkot,448
1832,Hira Noor,21,Female,9,A,61,77,76,57,67,84,84,Rawalpindi,422
1833,Talha Cheema,18,Male,9,E,87,88,74,43,77,63,86,Rawalpindi,432
1834,Ahmed Malik,17,Male,10,D,43,57,79,53,74,54,92,Quetta,360
1835,Maryam Aslam,21,Male,9,C,87,88,48,74,89,58,96,Sialkot,444
1836,Talha Aslam,22,Female,11,C,60,80,63,82,81,60,94,Faisalabad,426
1837,Anaya Mehmood,19,Male,9,E,86,50,43,60,69,77,87,Faisalabad,385
1838,Hira Chaudhry,18,Female,9,C,78,77,73,92,75,45,100,Islamabad,440
1839,Ali Hassan,22,Female,12,D,50,67,71,81,48,88,87,Rawalpindi,405
1840,Talha Malik,16,Female,11,F,46,64,72,76,90,84,85,Islamabad,432
1841,Bilal Qureshi,18,Female,12,F,95,86,47,57,84,71,73,Peshawar,440
1842,Hamza Siddiqui,20,Female,12,B,58,43,97,50,96,50,99,Rawalpindi,394
1843,Hamza Qureshi,18,Male,9,D,85,55,80,69,48,61,72,Peshawar,398
1844,Noor Butt,21,Male,12,A,67,81,74,54,96,47,80,Peshawar,419
1845,Hira Javed,20,Male,12,E,42,45,43,68,58,58,98,Faisalabad,314
1846,Talha Hassan,22,Male,11,C,66,94,80,100,63,52,83,Hyderabad,455
1847,Zainab Chaudhry,16,Female,10,F,94,94,63,51,92,97,74,Quetta,491
1848,Hira Akram,22,Female,10,D,92,87,40,81,71,46,82,Multan,417
1849,Anaya Hassan,18,Female,11,D,89,93,81,85,97,74,91,Faisalabad,519
1850,Bilal Chaudhry,20,Female,10,F,68,76,56,73,93,52,92,Hyderabad,418
1851,Noor Shah,17,Female,10,D,93,90,52,54,75,65,76,Peshawar,429
1852,Sana Raza,16,Female,11,F,52,94,73,44,68,68,90,Faisalabad,399
1853,Abdullah Qureshi,18,Male,11,A,87,97,67,65,74,95,87,Karachi,485
1854,Bilal Hassan,18,Male,12,E,66,97,51,82,43,91,100,Hyderabad,430
1855,Ahmed Tariq,17,Female,10,C,40,93,40,81,53,80,97,Faisalabad,387
1856,Talha Raza,22,Female,9,A,72,80,45,67,69,45,82,Peshawar,378
1857,Abdullah Yousaf,21,Female,11,B,45,95,47,66,77,71,80,Faisalabad,401
1858,Sana Raza,22,Female,10,A,99,83,62,91,80,63,95,Islamabad,478
1859,Amna Hassan,18,Female,9,A,81,99,50,43,43,65,78,Quetta,381
1860,Danish Akram,18,Male,9,B,99,75,54,90,93,80,82,Karachi,491
1861,Ali Chaudhry,20,Female,9,C,79,60,72,73,77,49,71,Karachi,410
1862,Sana Raza,17,Female,9,B,66,91,78,49,81,94,79,Quetta,459
1863,Abdullah Qureshi,20,Female,9,E,40,43,65,64,55,57,94,Rawalpindi,324
1864,Maryam Malik,16,Male,9,B,82,68,66,41,57,80,74,Quetta,394
1865,Iqra Chaudhry,19,Female,12,C,97,82,72,96,75,53,90,Islamabad,475
1866,Hamza Qureshi,20,Female,11,D,67,41,61,67,74,40,75,Lahore,350
1867,Hira Iqbal,20,Male,12,F,85,82,45,81,69,78,76,Quetta,440
1868,Amna Malik,21,Male,10,E,97,55,69,44,62,55,78,Quetta,382
1869,Anaya Javed,22,Male,11,E,74,75,95,71,45,95,85,Rawalpindi,455
1870,Amna Shah,18,Male,9,B,85,42,64,70,69,56,93,Islamabad,386
1871,Talha Noor,18,Female,12,B,87,96,90,94,59,46,87,Lahore,472
1872,Zainab Yousaf,19,Male,9,A,55,82,91,99,73,66,87,Peshawar,466
1873,Amna Aslam,18,Male,10,B,68,74,83,56,99,68,78,Faisalabad,448
1874,Maryam Malik,21,Male,10,E,71,80,92,56,59,69,92,Sialkot,427
1875,Ali Tariq,18,Female,12,D,84,50,93,57,71,56,81,Multan,411
1876,Anaya Chaudhry,21,Female,9,D,41,51,78,49,93,54,98,Lahore,366
1877,Hira Butt,20,Female,12,F,70,63,47,87,66,84,93,Rawalpindi,417
1878,Sana Chaudhry,16,Male,10,F,57,60,84,61,79,44,71,Islamabad,385
1879,Hamza Aslam,22,Male,9,E,90,59,78,68,89,40,87,Faisalabad,424
1880,Amna Yousaf,16,Male,10,E,93,48,93,89,41,55,99,Quetta,419
1881,Anaya Yousaf,16,Female,11,F,72,52,83,52,73,83,80,Islamabad,415
1882,Hira Iqbal,22,Male,10,E,68,61,48,83,58,52,96,Lahore,370
1883,Anaya Mirza,22,Male,9,D,41,42,75,89,87,55,94,Hyderabad,389
1884,Hamza Noor,17,Male,11,A,75,62,74,62,86,82,72,Islamabad,441
1885,Saad Ahmed,22,Female,9,B,57,94,69,88,92,88,76,Lahore,488
1886,Abdullah Khan,20,Female,11,E,41,80,53,49,43,59,98,Peshawar,325
1887,Amna Cheema,17,Female,10,D,92,84,67,92,56,82,78,Faisalabad,473
1888,Anaya Noor,20,Male,10,D,70,90,68,63,49,91,75,Sialkot,431
1889,Hassan Cheema,16,Female,10,A,87,78,94,80,83,61,87,Lahore,483
1890,Anaya Butt,19,Male,9,F,41,42,72,45,97,52,75,Multan,349
1891,Ayesha Yousaf,22,Male,12,D,92,67,74,98,94,94,79,Peshawar,519
1892,Fatima Noor,19,Male,9,B,72,72,94,48,67,92,98,Faisalabad,445
1893,Maryam Yousaf,22,Male,12,E,68,95,60,94,54,64,88,Quetta,435
1894,Danish Shah,22,Male,9,D,72,83,52,54,41,56,82,Lahore,358
1895,Bilal Butt,20,Male,11,B,94,87,97,85,71,61,94,Faisalabad,495
1896,Talha Hassan,17,Male,9,C,78,40,96,83,91,76,89,Sialkot,464
1897,Ahmed Iqbal,20,Female,12,F,88,83,55,100,68,40,72,Sialkot,434
1898,Abdullah Noor,17,Male,11,D,80,50,85,47,78,83,77,Sialkot,423
1899,Abdullah Shah,16,Male,9,B,69,43,81,50,46,48,75,Islamabad,337
1900,Talha Iqbal,16,Female,9,E,79,75,40,91,87,98,76,Faisalabad,470
1901,Fatima Aslam,18,Male,12,A,93,56,74,87,95,52,77,Quetta,457
1902,Ayesha Butt,21,Female,12,C,71,96,60,63,65,80,89,Rawalpindi,435
1903,Hira Raza,17,Female,9,F,66,49,75,59,51,53,96,Sialkot,353
1904,Hassan Tariq,20,Female,10,B,41,82,83,84,96,43,78,Sialkot,429
1905,Sana Akram,18,Female,11,F,85,70,94,95,44,45,88,Multan,433
1906,Hira Malik,21,Male,9,E,50,71,84,86,50,44,77,Peshawar,385
1907,Maryam Ahmed,22,Male,9,B,92,47,77,54,60,91,93,Peshawar,421
1908,Talha Noor,21,Male,11,D,65,66,69,92,55,72,91,Sialkot,419
1909,Amna Butt,21,Female,10,C,53,93,76,62,45,75,92,Hyderabad,404
1910,Danish Hassan,18,Male,12,A,98,92,96,50,91,56,78,Sialkot,483
1911,Talha Iqbal,16,Male,12,F,79,73,94,94,70,42,95,Multan,452
1912,Sana Chaudhry,22,Male,10,B,55,74,65,76,74,96,90,Lahore,440
1913,Maryam Butt,19,Male,9,F,53,85,95,94,70,81,87,Rawalpindi,478
1914,Maryam Tariq,21,Male,10,C,54,93,70,92,82,77,75,Hyderabad,468
1915,Talha Hassan,20,Male,9,B,91,83,48,55,82,73,73,Rawalpindi,432
1916,Iqra Noor,19,Female,11,D,73,89,89,77,61,95,90,Peshawar,484
1917,Amna Tariq,22,Male,12,C,85,57,70,64,66,68,90,Quetta,410
1918,Hamza Chaudhry,17,Male,12,A,93,45,43,98,98,75,87,Islamabad,452
1919,Fatima Siddiqui,21,Female,11,E,54,80,94,71,60,99,76,Lahore,458
1920,Talha Ahmed,22,Male,10,F,97,83,62,61,44,98,80,Karachi,445
1921,Zainab Javed,19,Female,9,A,69,50,68,90,75,92,82,Peshawar,444
1922,Amna Akram,16,Female,12,F,64,49,86,64,43,79,75,Lahore,385
1923,Usman Mirza,18,Female,11,A,52,74,47,69,67,53,83,Sialkot,362
1924,Noor Yousaf,16,Male,12,F,45,47,60,79,85,67,77,Sialkot,383
1925,Talha Ahmed,21,Female,9,E,45,100,51,50,91,56,74,Hyderabad,393
1926,Fatima Tariq,18,Female,12,D,71,65,75,47,65,92,70,Rawalpindi,415
1927,Ahmed Mehmood,20,Male,9,C,77,66,88,76,56,65,88,Sialkot,428
1928,Sana Raza,17,Female,9,E,72,57,48,81,94,64,96,Sialkot,416
1929,Bilal Yousaf,17,Male,12,B,43,53,85,94,40,54,78,Karachi,369
1930,Usman Shah,21,Male,9,C,81,47,61,64,85,40,93,Faisalabad,378
1931,Hamza Ahmed,18,Female,10,C,95,98,63,74,93,56,95,Peshawar,479
1932,Hamza Khan,17,Male,12,F,50,59,95,98,46,99,98,Peshawar,447
1933,Fatima Butt,20,Male,10,B,95,75,48,98,76,94,96,Hyderabad,486
1934,Danish Aslam,16,Female,12,C,99,61,53,60,51,64,91,Sialkot,388
1935,Danish Hassan,18,Male,11,C,90,84,62,70,95,86,90,Quetta,487
1936,Hira Ahmed,19,Male,9,C,90,80,77,70,47,60,95,Sialkot,424
1937,Ali Shah,22,Male,9,B,66,45,56,56,43,94,82,Islamabad,360
1938,Zainab Shah,19,Male,10,F,71,54,48,80,92,89,70,Peshawar,434
1939,Ayesha Javed,17,Male,10,E,41,62,74,73,64,53,90,Hyderabad,367
1940,Talha Chaudhry,19,Female,10,A,57,81,40,79,98,66,90,Quetta,421
1941,Noor Akram,16,Female,9,F,84,82,62,46,94,48,88,Sialkot,416
1942,Usman Noor,19,Female,12,D,100,77,40,90,82,76,97,Sialkot,465
1943,Talha Raza,17,Male,10,F,72,41,55,64,75,69,86,Faisalabad,376
1944,Hamza Raza,20,Female,11,F,92,48,85,48,86,62,98,Multan,421
1945,Bilal Javed,22,Male,10,D,66,41,59,53,47,86,82,Multan,352
1946,Saad Tariq,18,Male,10,F,75,50,90,85,62,43,73,Peshawar,405
1947,Ali Yousaf,20,Female,11,F,88,67,58,40,81,61,82,Quetta,395
1948,Fatima Yousaf,17,Male,11,A,81,81,78,68,46,53,99,Sialkot,407
1949,Hira Siddiqui,21,Female,9,C,45,70,79,71,82,85,78,Rawalpindi,432
1950,Saad Iqbal,22,Female,11,A,92,63,88,74,73,100,75,Peshawar,490
1951,Usman Qureshi,16,Male,9,A,96,61,42,46,46,93,75,Sialkot,384
1952,Hira Mirza,19,Female,10,F,92,86,89,74,76,79,81,Hyderabad,496
1953,Ali Butt,22,Female,12,A,77,89,72,85,98,69,98,Lahore,490
1954,Fatima Aslam,20,Male,11,A,88,70,84,53,91,65,82,Multan,451
1955,Sana Akram,19,Female,10,E,91,52,77,56,42,84,74,Lahore,402
1956,Zainab Ahmed,19,Male,11,C,48,48,43,55,56,80,89,Lahore,330
1957,Saad Cheema,21,Male,11,D,90,96,67,89,97,95,98,Peshawar,534
1958,Ayesha Javed,22,Male,11,A,71,66,73,54,44,83,97,Peshawar,391
1959,Amna Butt,17,Male,11,F,53,67,47,46,57,90,83,Peshawar,360
1960,Ahmed Raza,17,Female,12,A,69,51,93,42,51,81,96,Hyderabad,387
1961,Usman Javed,16,Male,12,F,98,46,78,79,67,70,97,Peshawar,438
1962,Talha Ahmed,21,Male,9,D,42,94,100,94,76,75,86,Quetta,481
1963,Hassan Iqbal,16,Female,11,D,90,57,75,78,62,81,96,Peshawar,443
1964,Anaya Akram,21,Male,12,A,40,84,86,73,78,100,84,Lahore,461
1965,Iqra Akram,16,Female,10,A,41,99,83,76,58,94,84,Sialkot,451
1966,Ahmed Siddiqui,17,Male,10,A,59,93,70,76,82,76,94,Sialkot,456
1967,Ayesha Butt,17,Female,12,F,84,49,98,87,80,50,72,Karachi,448
1968,Ayesha Tariq,21,Female,10,E,60,63,93,66,68,82,93,Sialkot,432
1969,Usman Chaudhry,20,Male,11,C,87,68,93,51,91,85,82,Sialkot,475
1970,Zainab Qureshi,22,Male,10,A,66,96,87,83,60,42,91,Quetta,434
1971,Iqra Noor,22,Male,9,D,80,66,94,97,71,97,73,Lahore,505
1972,Zainab Yousaf,19,Male,11,C,83,86,58,77,78,100,86,Hyderabad,482
1973,Ayesha Aslam,16,Male,12,B,62,45,83,63,86,57,86,Karachi,396
1974,Hassan Noor,16,Male,9,D,59,95,65,52,52,96,99,Multan,419
1975,Noor Ahmed,19,Female,10,A,73,97,78,71,67,40,81,Hyderabad,426
1976,Danish Tariq,19,Female,11,E,100,71,99,51,80,85,84,Lahore,486
1977,Sana Khan,20,Male,10,B,90,41,76,100,44,89,80,Sialkot,440
1978,Anaya Hassan,19,Female,12,D,60,69,67,52,93,72,79,Quetta,413
1979,Ahmed Malik,22,Female,12,D,91,72,59,45,65,100,96,Islamabad,432
1980,Noor Noor,17,Female,11,F,68,66,46,64,71,42,79,Lahore,357
1981,Fatima Khan,19,Male,11,C,65,92,71,100,54,58,78,Quetta,440
1982,Anaya Siddiqui,20,Male,10,C,96,90,44,83,66,98,96,Multan,477
1983,Hira Tariq,19,Female,11,F,64,52,88,79,81,72,78,Sialkot,436
1984,Bilal Ahmed,18,Female,9,F,89,92,100,58,46,93,99,Faisalabad,478
1985,Amna Shah,20,Male,9,F,49,63,82,84,75,76,94,Multan,429
1986,Bilal Mirza,16,Female,10,C,87,84,57,64,71,63,82,Faisalabad,426
1987,Noor Qureshi,20,Female,9,E,66,71,47,100,100,42,70,Sialkot,426
1988,Hamza Siddiqui,18,Male,12,B,78,95,90,76,85,62,92,Rawalpindi,486
1989,Ahmed Javed,19,Male,10,F,96,63,80,62,84,43,76,Rawalpindi,428
1990,Noor Javed,17,Male,11,B,81,60,82,82,90,79,85,Islamabad,474
1991,Ali Noor,18,Female,12,F,78,94,100,74,62,63,94,Faisalabad,471
1992,Maryam Javed,19,Female,9,A,41,46,52,64,79,56,81,Karachi,338
1993,Fatima Butt,20,Male,10,B,91,99,62,98,90,49,84,Islamabad,489
1994,Sana Butt,16,Female,11,E,49,69,87,52,82,67,93,Karachi,406
1995,Usman Tariq,18,Male,12,B,99,50,83,76,40,89,83,Lahore,437
1996,Ali Javed,22,Female,12,B,85,97,67,89,50,65,88,Rawalpindi,453
1997,Talha Yousaf,17,Male,9,E,52,41,91,57,96,71,87,Karachi,408
1998,Amna Mirza,16,Female,10,B,44,46,75,42,62,80,79,Sialkot,349
1999,Bilal Chaudhry,19,Male,11,F,65,42,98,70,78,88,83,Multan,441
2000,Maryam Hassan,19,Male,12,D,70,53,81,74,65,91,100,Lahore,434
